timestamp,CO2_TUG_BCT2,BC_TUG_BCT2,PN_TUG_DC,CO2_TUG_BCT1,BC_TUG_BCT1,CO2_ICAD_1,NO2_ICAD,CO2_ICAD_2,NOX_ICAD,O3_ICAD,bg_CO2_ICAD_1,bg_NO2_ICAD,lb_trigger,example_trigger,co2_peak,poll_peak
2021-10-01 12:26:10.000,364.706,0.517,7402.596,372.882,0.852,457.049,11.542,460.869,11.598,-6000.079,456.60396000000003,10.82812,False,False,False,False
2021-10-01 12:26:10.500,364.265,0.35,7357.904,372.176,1.504,456.638,11.746,460.008,10.77,-1250.564,456.60396000000003,10.82812,False,False,False,False
2021-10-01 12:26:11.000,363.324,0.44,7284.284,370.529,2.024,456.607,11.742,458.815,10.492,3966.673,456.60396000000003,10.82812,False,False,False,False
2021-10-01 12:26:11.500,363.529,0.376,7184.763,369.412,1.167,456.767,11.634,457.653,11.937,5085.552,456.60396000000003,10.82812,False,False,False,False
2021-10-01 12:26:12.000,363.676,0.233,7078.818,369.588,1.127,456.95,11.513,456.915,13.531,3454.422,456.60396000000003,10.82812,False,False,False,False
2021-10-01 12:26:12.500,363.206,0.368,6976.641,370.735,1.039,457.133,11.391,457.025,13.703,463.172,456.60396000000003,10.82812,False,False,False,False
2021-10-01 12:26:13.000,362.559,0.751,6898.999,371.676,0.747,457.329,11.288,457.735,13.33,-2663.453,456.60396000000003,10.82812,False,False,False,False
2021-10-01 12:26:13.500,362.059,0.477,6902.094,371.971,0.666,457.623,11.323,458.812,13.386,-4835.933,456.60396000000003,10.82812,False,False,False,False
2021-10-01 12:26:14.000,362.706,0.476,6926.539,371.941,0.832,458.115,11.622,459.582,14.069,-5340.217,456.60396000000003,10.82812,True,False,False,False
2021-10-01 12:26:14.500,364.471,0.712,6944.305,371.5,1.326,458.729,11.93,459.421,15.527,-3198.445,456.60396000000003,10.82812,False,False,False,False
2021-10-01 12:26:15.000,366.882,1.054,6971.454,370.794,2.201,459.382,11.988,459.024,17.126,1189.159,456.60396000000003,10.82812,False,False,False,False
2021-10-01 12:26:15.500,367.559,1.273,7038.238,370.735,2.476,459.887,11.892,459.082,18.28,7757.568,456.60396000000003,10.82812,False,False,False,False
2021-10-01 12:26:16.000,368.912,1.0,7115.074,370.441,1.893,460.054,11.731,459.4,19.187,15339.351,456.60396000000003,10.82812,False,False,False,False
2021-10-01 12:26:16.500,372.5,0.858,7186.877,369.559,1.485,460.05,11.547,459.738,19.951,22918.686,456.60396000000003,10.82812,False,False,False,False
2021-10-01 12:26:17.000,376.676,0.871,7254.547,369.412,0.968,460.048,11.358,459.982,19.809,29465.065,456.60396000000003,10.82812,False,False,False,False
2021-10-01 12:26:17.500,380.176,0.68,7313.249,370.529,1.025,460.228,11.162,460.062,17.967,32881.71,456.60396000000003,10.82812,False,False,False,False
2021-10-01 12:26:18.000,378.147,0.569,7368.662,372.176,1.158,460.902,10.979,460.235,16.087,26754.827,456.60396000000003,10.82812,False,False,False,False
2021-10-01 12:26:18.500,374.971,0.817,7421.576,373.265,1.419,462.794,11.018,460.847,15.79,4270.427,456.60396000000003,10.82812,False,False,False,False
2021-10-01 12:26:19.000,372.324,1.159,7471.259,376.176,1.306,466.572,11.495,462.235,16.058,-20382.568,456.60396000000003,10.82812,False,False,False,False
2021-10-01 12:26:19.500,371.353,1.345,7512.352,382.029,1.396,469.726,12.036,464.69,15.872,-32514.604,456.60396000000003,10.82812,False,False,False,False
2021-10-01 12:26:20.000,372.853,1.089,7556.561,386.5,2.012,469.71,12.272,466.662,15.726,-31098.062,456.60396000000003,10.82812,False,False,False,False
2021-10-01 12:26:20.500,376.029,1.627,7620.079,389.824,1.692,468.176,12.324,466.665,16.218,-15392.478,456.60396000000003,10.82812,False,False,False,False
2021-10-01 12:26:21.000,376.647,1.509,7688.265,388.735,1.647,466.91,12.357,466.385,16.986,184.464,456.60396000000003,10.82812,False,False,False,False
2021-10-01 12:26:21.500,374.265,1.412,7753.586,382.588,1.089,467.326,12.688,467.582,17.667,2470.497,456.60396000000003,10.82812,False,False,False,False
2021-10-01 12:26:22.000,371.971,1.856,7833.394,377.706,1.332,470.612,13.608,469.838,18.285,1251.279,456.60396000000003,10.82812,False,False,False,False
2021-10-01 12:26:22.500,372.412,1.677,7965.812,376.882,1.164,473.591,14.507,472.601,18.941,6441.095,456.60396000000003,10.82812,False,False,False,False
2021-10-01 12:26:23.000,379.618,1.251,8096.516,379.324,1.463,473.25,14.77,474.576,19.94,12788.564,456.60396000000003,10.82812,False,False,False,False
2021-10-01 12:26:23.500,394.265,1.524,8168.067,383.0,1.788,472.509,14.693,474.468,21.625,14270.106,456.60396000000003,10.82812,False,False,False,False
2021-10-01 12:26:24.000,412.441,1.322,8198.256,384.0,1.225,474.431,14.569,473.3,23.651,13079.309,456.60396000000003,10.82812,False,False,False,False
2021-10-01 12:26:24.500,435.706,0.774,8145.348,382.618,1.911,477.8,14.441,472.247,25.581,11788.561,456.60396000000003,10.82812,False,False,False,False
2021-10-01 12:26:25.000,438.324,0.772,8077.056,380.588,1.999,481.729,14.319,473.171,26.4,12370.538,456.60396000000003,10.82812,True,False,False,False
2021-10-01 12:26:25.500,417.441,0.896,8038.648,378.382,1.324,488.694,14.247,478.322,25.119,15700.49,456.60396000000003,10.82812,False,False,False,False
2021-10-01 12:26:26.000,397.941,1.815,8023.201,380.265,1.411,501.285,14.275,487.65,23.716,12923.363,456.60396000000003,10.82812,False,False,False,False
2021-10-01 12:26:26.500,389.912,1.796,8056.63,396.029,0.99,513.359,14.363,500.987,24.193,-4010.832,456.63737999999995,10.82812,False,False,False,False
2021-10-01 12:26:27.000,386.647,1.69,8106.684,427.647,1.093,518.472,14.447,511.418,25.985,-16377.258,456.76442,10.82812,False,False,False,False
2021-10-01 12:26:27.500,386.471,1.956,8165.423,444.382,0.937,518.162,14.316,511.932,28.396,-5672.902,456.76442,10.82812,False,False,False,False
2021-10-01 12:26:28.000,387.441,1.866,8223.653,438.5,1.661,513.726,13.78,507.506,29.879,9363.915,456.76442,10.89872,False,False,False,False
2021-10-01 12:26:28.500,388.235,2.025,8271.648,420.029,2.694,507.903,13.382,502.897,28.962,9734.523,456.76442,10.93332,False,False,False,False
2021-10-01 12:26:29.000,386.5,1.164,8310.952,408.353,2.658,502.863,13.719,499.465,27.286,3454.54,456.76442,10.93332,False,False,False,False
2021-10-01 12:26:29.500,380.206,1.176,8329.976,401.324,2.077,498.729,14.709,498.076,26.442,-723.289,456.76442,10.93332,False,False,False,False
2021-10-01 12:26:30.000,373.176,1.47,8320.633,396.588,1.557,495.528,16.269,497.7,26.093,-3336.597,456.76442,10.936259999999999,False,False,False,False
2021-10-01 12:26:30.500,370.735,1.907,8234.016,394.853,1.877,492.95,17.692,497.45,25.805,-5754.341,456.76442,10.978159999999999,False,False,False,False
2021-10-01 12:26:31.000,372.059,2.051,8144.505,394.0,1.703,490.825,18.298,497.2,25.518,-8172.084,456.76442,10.978159999999999,False,False,False,False
2021-10-01 12:26:31.500,374.5,1.7,8122.097,393.059,1.061,488.9,18.478,496.787,25.254,-10314.119,456.76442,10.978159999999999,False,False,False,False
2021-10-01 12:26:32.000,374.529,1.669,8118.052,390.912,1.391,486.921,18.571,495.068,25.187,-10250.487,456.76442,10.978159999999999,False,False,False,False
2021-10-01 12:26:32.500,372.265,1.032,8109.769,386.971,2.017,484.306,18.391,490.86,25.494,-5999.434,456.76442,10.978159999999999,False,False,False,False
2021-10-01 12:26:33.000,370.529,0.808,8100.299,383.941,1.469,480.507,17.69,486.328,25.868,-1334.006,456.76442,10.978159999999999,False,False,False,False
2021-10-01 12:26:33.500,368.735,0.816,8091.56,381.588,2.36,476.76,16.929,483.598,26.012,24.549,456.76442,10.978159999999999,False,False,False,False
2021-10-01 12:26:34.000,366.971,1.668,8087.177,380.794,2.569,474.311,16.558,481.85,26.028,-408.188,456.76442,11.01722,False,False,False,False
2021-10-01 12:26:34.500,367.059,1.939,8096.7,380.147,2.182,472.55,16.399,480.204,26.036,-1263.14,456.76442,11.159120000000001,False,False,False,False
2021-10-01 12:26:35.000,368.147,1.378,8095.192,378.529,2.117,470.925,16.276,478.394,26.118,-3704.531,456.76442,11.159120000000001,False,False,False,False
2021-10-01 12:26:35.500,367.676,1.073,8042.051,377.206,2.572,469.7,16.227,476.254,26.344,-9318.799,456.76442,11.159120000000001,False,False,False,False
2021-10-01 12:26:36.000,367.088,1.308,7988.744,375.706,3.273,469.275,16.326,473.95,26.643,-16519.505,456.94633999999996,11.159120000000001,False,False,False,False
2021-10-01 12:26:36.500,367.294,1.387,7986.789,373.412,2.462,469.25,16.498,471.733,27.021,-23483.706,457.12933999999996,11.159120000000001,False,False,False,False
2021-10-01 12:26:37.000,369.676,1.219,8007.464,372.853,1.596,469.276,16.704,470.381,27.958,-26969.429,457.32508,11.159120000000001,False,False,False,False
2021-10-01 12:26:37.500,374.618,1.248,8054.115,373.412,1.549,469.307,17.1,470.699,29.92,-23821.705,457.61712,11.159120000000001,False,False,False,False
2021-10-01 12:26:38.000,377.324,1.443,8090.095,372.824,2.412,469.397,17.852,471.412,31.708,-19783.575,458.10516,11.159120000000001,False,False,False,False
2021-10-01 12:26:38.500,376.971,1.611,8063.618,373.206,2.39,469.863,18.599,471.291,32.103,-20486.782,458.71672,11.159120000000001,False,False,False,False
2021-10-01 12:26:39.000,375.588,1.429,8019.035,375.471,2.343,471.071,18.982,470.7,31.765,-23778.062,459.36894,11.159120000000001,False,False,False,False
2021-10-01 12:26:39.500,375.618,1.768,7974.346,377.471,2.047,472.65,19.17,470.165,31.31,-26874.843,459.8769,11.159120000000001,False,False,False,False
2021-10-01 12:26:40.000,376.206,1.773,7921.069,379.0,1.562,474.224,19.319,470.547,30.644,-25827.563,460.04478,11.159120000000001,False,False,False,False
2021-10-01 12:26:40.500,376.735,1.425,7838.178,381.029,1.303,475.393,19.351,472.725,29.605,-16703.065,460.04996,11.159120000000001,False,False,False,False
2021-10-01 12:26:41.000,376.941,1.859,7762.17,382.647,1.51,475.811,19.154,475.503,28.743,-5121.747,460.05391999999995,11.159120000000001,False,False,False,False
2021-10-01 12:26:41.500,376.735,1.588,7739.534,383.941,1.914,476.318,18.862,477.646,28.617,2966.991,460.22444,11.159120000000001,False,False,False,False
2021-10-01 12:26:42.000,376.294,1.104,7731.762,384.235,2.056,477.644,18.603,478.553,28.797,4279.645,460.88851999999997,11.159120000000001,False,False,False,False
2021-10-01 12:26:42.500,376.294,0.734,7721.599,384.529,1.949,478.524,18.39,477.704,28.86,-4153.697,462.75615999999997,11.159120000000001,False,False,False,False
2021-10-01 12:26:43.000,376.529,1.142,7705.222,385.206,2.213,477.701,18.248,476.891,28.816,-12535.145,466.49644,11.48546,False,False,False,False
2021-10-01 12:26:43.500,375.235,1.05,7670.734,385.206,1.719,476.891,18.277,477.731,28.631,-11436.326,466.90324000000004,12.025179999999999,False,False,False,False
2021-10-01 12:26:44.000,372.912,1.02,7653.909,385.029,1.284,477.749,18.586,478.418,27.816,-6517.55,467.31768,12.26728,False,False,False,False
2021-10-01 12:26:44.500,373.147,0.988,7715.437,384.941,1.493,478.594,18.909,477.107,25.888,-4112.067,468.159,12.32296,False,False,False,False
2021-10-01 12:26:45.000,373.941,0.903,7769.981,384.412,0.863,477.681,18.962,475.456,24.122,-7142.016,468.159,12.35634,False,False,False,False
2021-10-01 12:26:45.500,374.529,0.863,7722.127,383.0,0.878,476.215,18.725,475.169,23.832,-18041.052,468.159,12.68138,False,False,False,False
2021-10-01 12:26:46.000,375.294,1.22,7652.683,381.588,1.218,475.451,18.158,475.435,24.507,-28852.205,468.16193999999996,13.36812,False,False,False,False
2021-10-01 12:26:46.500,374.353,1.306,7611.85,381.118,2.157,475.1,17.434,475.374,25.68,-31772.614,468.84049999999996,13.603480000000001,False,False,False,False
2021-10-01 12:26:47.000,371.676,1.003,7587.891,381.529,1.528,474.79,16.744,475.1,27.054,-30490.486,469.24208,13.71678,False,False,False,False
2021-10-01 12:26:47.500,371.0,0.79,7592.41,382.5,1.48,474.397,16.476,474.81,28.319,-28512.489,469.24208,13.77878,False,False,False,False
2021-10-01 12:26:48.000,372.471,0.746,7587.145,383.088,1.776,473.879,17.041,474.603,28.498,-25170.087,469.24208,13.77878,False,False,False,False
2021-10-01 12:26:48.500,373.676,1.455,7520.238,382.676,1.752,473.597,17.928,474.519,26.558,-19479.099,469.24208,13.77878,False,False,False,False
2021-10-01 12:26:49.000,374.118,1.464,7451.845,381.059,1.57,473.879,18.643,474.188,23.933,-15465.495,469.24208,13.77878,False,False,False,False
2021-10-01 12:26:49.500,373.676,1.522,7440.448,380.382,1.735,473.997,19.04,473.249,22.042,-17127.401,469.24208,13.77878,False,False,False,False
2021-10-01 12:26:50.000,372.059,1.23,7456.965,380.676,1.7,473.229,18.961,472.297,21.116,-19930.946,469.24208,13.77878,False,False,False,False
2021-10-01 12:26:50.500,371.382,1.401,7512.472,380.471,1.6,472.297,18.438,471.96,21.334,-19267.887,469.24208,13.77878,False,False,False,False
2021-10-01 12:26:51.000,371.706,1.251,7580.513,379.794,1.366,471.921,17.491,472.106,21.809,-16332.444,469.24208,13.77878,False,False,False,False
2021-10-01 12:26:51.500,371.618,1.508,7652.802,379.794,1.672,471.709,16.775,472.56,21.799,-12581.782,469.24208,13.77878,False,False,False,False
2021-10-01 12:26:52.000,370.471,1.336,7707.921,379.971,1.77,471.242,16.913,472.697,21.959,-9793.055,469.24208,13.77878,False,False,False,False
2021-10-01 12:26:52.500,368.853,1.411,7700.79,379.941,1.959,470.71,17.258,471.921,22.971,-9601.13,468.8514,13.77878,False,False,False,False
2021-10-01 12:26:53.000,368.412,1.573,7716.521,379.471,1.995,470.336,17.158,470.916,23.95,-10543.335,468.71404,13.77878,False,False,False,False
2021-10-01 12:26:53.500,369.265,1.052,7872.318,378.529,1.958,470.05,16.807,470.357,23.97,-11252.234,468.48766,14.6892,False,False,False,False
2021-10-01 12:26:54.000,370.412,0.876,8021.944,378.029,1.456,469.801,16.438,470.05,23.48,-11761.095,468.48766,16.0908,False,False,False,False
2021-10-01 12:26:54.500,370.676,0.43,8010.027,377.676,1.26,469.757,16.174,469.801,22.962,-12519.248,468.48766,16.135659999999998,False,False,False,False
2021-10-01 12:26:55.000,370.324,0.514,7962.6,376.735,1.043,470.052,16.119,469.757,22.728,-15471.78,468.48766,16.135659999999998,False,False,False,False
2021-10-01 12:26:55.500,371.529,1.689,8249.667,375.559,1.405,469.965,16.176,470.124,23.04,-21821.008,468.48766,16.10738,False,False,False,False
2021-10-01 12:26:56.000,380.206,24.512,20424.983,375.059,1.443,468.854,16.28,470.685,23.438,-22428.124,468.48766,15.53034,False,False,False,False
2021-10-01 12:26:56.500,397.706,145.074,73136.231,375.0,1.577,468.179,16.542,471.407,24.405,-8621.591,468.48766,15.53034,False,False,False,False
2021-10-01 12:26:57.000,417.147,363.425,130152.939,374.941,1.812,469.581,17.458,473.388,32.605,3641.155,468.22506,15.53034,False,False,False,False
2021-10-01 12:26:57.500,439.059,551.38,161479.319,374.471,1.787,472.829,21.321,478.293,59.384,-2288.131,468.14671999999996,15.53034,False,False,False,False
2021-10-01 12:26:58.000,444.824,529.11,184234.977,373.882,1.14,478.237,30.856,487.538,123.542,-19485.974,467.2853,15.325520000000001,True,True,False,False
2021-10-01 12:26:58.500,442.324,428.787,203493.839,377.941,4.9,487.538,43.69,502.837,246.792,-40762.475,467.2853,15.154779999999999,False,False,False,False
2021-10-01 12:26:59.000,439.676,415.902,226578.4,397.176,52.461,502.891,57.516,519.229,386.115,-58363.808,467.2853,15.13554,False,False,False,False
2021-10-01 12:26:59.500,434.676,432.937,265894.074,428.382,224.338,519.774,68.925,531.796,499.013,-65515.965,467.2853,14.71022,False,False,False,False
2021-10-01 12:27:00.000,420.441,326.743,298302.303,451.088,417.113,533.456,74.441,540.326,578.688,-69238.123,467.2853,14.17436,False,False,False,False
2021-10-01 12:27:00.500,401.265,171.579,290376.802,469.441,502.653,541.585,76.097,544.303,616.387,-75639.317,467.2853,13.79866,False,False,True,True
2021-10-01 12:27:01.000,391.971,94.843,261806.807,472.176,430.467,541.499,75.504,544.703,622.358,-78434.515,467.2853,13.79866,False,False,False,False
2021-10-01 12:27:01.500,389.324,96.047,202597.281,462.206,367.071,537.4,73.97,541.81,601.148,-70205.004,467.2853,13.79866,False,False,False,False
2021-10-01 12:27:02.000,388.529,113.152,142885.037,457.441,386.733,532.779,72.227,537.4,567.557,-56336.049,466.78844,13.79866,False,False,False,False
2021-10-01 12:27:02.500,386.059,88.76,111717.522,449.059,355.756,527.994,69.754,532.625,532.004,-42527.673,466.56222,13.79866,False,False,False,False
2021-10-01 12:27:03.000,380.794,48.829,86236.884,426.853,224.805,522.881,65.882,526.45,493.134,-34843.367,466.42078,13.79866,False,False,False,False
2021-10-01 12:27:03.500,377.471,24.94,51941.494,406.176,115.771,517.615,61.757,517.69,447.671,-39039.542,466.15494,13.79866,False,False,False,False
2021-10-01 12:27:04.000,376.912,26.032,27414.399,398.971,82.746,512.41,58.427,509.247,399.216,-46418.5,465.72472,13.79866,False,False,False,False
2021-10-01 12:27:04.500,379.059,34.626,45429.93,397.941,100.503,507.688,55.002,504.124,351.424,-47939.967,465.72472,13.79866,False,False,False,False
2021-10-01 12:27:05.000,378.971,32.572,67137.534,396.471,102.768,503.968,50.601,501.188,307.368,-40596.737,465.72472,13.79866,False,False,False,False
2021-10-01 12:27:05.500,376.118,26.387,59095.096,393.441,64.023,501.188,46.505,499.365,270.648,-22285.831,465.72472,13.79866,False,False,False,False
2021-10-01 12:27:06.000,375.088,23.042,46628.673,388.618,31.123,499.307,44.071,497.659,241.153,-8025.957,465.72472,13.73084,False,False,False,False
2021-10-01 12:27:06.500,376.294,25.698,48880.967,386.088,20.135,497.085,42.337,495.329,219.68,-12608.761,465.72472,13.61948,False,False,False,False
2021-10-01 12:27:07.000,378.471,31.644,53021.83,385.794,26.935,493.448,40.415,492.835,201.754,-24239.783,465.72472,13.3267,False,False,False,False
2021-10-01 12:27:07.500,377.971,28.497,48762.275,386.441,30.872,490.193,38.736,490.742,184.168,-31203.845,465.72472,12.70832,False,False,False,False
2021-10-01 12:27:08.000,374.588,24.825,42574.54,386.412,26.508,489.224,37.871,489.384,169.512,-34751.139,465.72472,12.70832,False,False,False,False
2021-10-01 12:27:08.500,372.5,20.316,38239.875,385.529,22.811,489.45,37.423,489.143,161.218,-36951.569,465.72472,12.70832,False,False,False,False
2021-10-01 12:27:09.000,372.353,14.271,34610.563,385.088,22.27,489.755,37.004,489.45,156.123,-38661.456,465.72472,12.70832,False,False,False,False
2021-10-01 12:27:09.500,373.265,13.593,31494.766,385.265,27.598,489.501,36.391,489.755,151.263,-40035.422,465.72472,12.70832,False,False,False,False
2021-10-01 12:27:10.000,374.471,11.458,28208.456,385.706,27.921,488.227,35.439,489.501,145.08,-39212.557,465.72472,12.70832,False,False,False,False
2021-10-01 12:27:10.500,375.206,8.674,23840.335,385.647,24.679,487.171,34.673,488.171,136.131,-34569.719,465.72472,12.70832,False,False,False,False
2021-10-01 12:27:11.000,375.706,7.037,19427.475,384.735,21.448,487.503,34.531,486.612,124.896,-32319.534,465.72472,12.70832,False,False,False,False
2021-10-01 12:27:11.500,375.618,6.417,15959.862,383.588,17.093,487.859,33.882,485.619,111.765,-37690.294,465.72472,12.70832,False,False,False,False
2021-10-01 12:27:12.000,374.471,5.601,13342.024,383.324,15.125,486.822,31.59,484.779,99.247,-37383.207,465.72472,12.70832,False,False,False,False
2021-10-01 12:27:12.500,372.794,4.695,12703.264,383.735,14.049,485.162,29.065,483.688,89.844,-18296.013,465.72472,12.70832,False,False,False,False
2021-10-01 12:27:13.000,371.735,4.395,12531.358,383.824,10.014,483.726,27.754,482.903,82.677,1611.576,465.72472,12.70832,False,False,False,False
2021-10-01 12:27:13.500,370.471,3.449,12001.789,382.676,7.245,482.903,27.228,482.847,76.993,3963.016,465.72472,12.70832,False,False,False,False
2021-10-01 12:27:14.000,368.588,2.225,11452.635,380.412,6.601,482.935,27.017,481.568,71.703,-2698.018,465.72472,12.70832,False,False,False,False
2021-10-01 12:27:14.500,365.971,1.894,11204.162,379.941,5.883,482.443,26.698,477.121,66.046,-9516.191,465.72472,12.70832,False,False,False,False
2021-10-01 12:27:15.000,362.176,1.144,10899.343,381.206,5.561,479.999,25.917,472.438,60.766,-14661.484,465.72472,12.70832,False,False,False,False
2021-10-01 12:27:15.500,360.853,1.014,10099.138,381.706,4.425,476.55,24.897,470.484,56.736,-17275.632,465.72472,12.70832,False,False,False,False
2021-10-01 12:27:16.000,362.265,1.032,9258.441,380.147,3.229,473.057,23.814,470.0,53.348,-18651.363,465.72472,12.70832,False,False,False,False
2021-10-01 12:27:16.500,364.294,1.211,8774.377,376.853,2.678,470.216,22.47,469.704,50.014,-19225.633,465.72472,12.70832,False,False,False,False
2021-10-01 12:27:17.000,366.294,1.509,8350.412,375.147,2.721,468.724,20.641,469.444,46.463,-14626.631,465.72472,12.70832,False,False,False,False
2021-10-01 12:27:17.500,369.206,1.946,7777.326,374.471,1.407,468.226,18.864,469.278,42.609,-269.119,465.72472,12.70832,False,False,False,False
2021-10-01 12:27:18.000,371.265,2.092,7302.564,373.559,1.721,468.493,17.686,469.335,39.576,14557.401,465.72472,12.70832,False,False,False,False
2021-10-01 12:27:18.500,371.412,1.938,7318.458,373.382,1.343,469.1,16.854,469.776,38.483,20253.748,465.72472,12.70832,False,False,False,False
2021-10-01 12:27:19.000,370.559,1.52,7451.042,374.265,1.348,469.753,16.136,470.429,37.569,18299.397,465.72472,12.70832,False,False,False,False
2021-10-01 12:27:19.500,370.235,1.221,7494.86,375.5,1.776,470.429,15.538,471.071,35.096,10670.904,465.72472,12.70832,False,False,False,False
2021-10-01 12:27:20.000,369.941,0.797,7511.162,376.471,1.276,471.034,15.155,471.076,32.005,6550.042,465.72472,12.70832,False,False,False,False
2021-10-01 12:27:20.500,368.735,0.993,7525.023,377.382,1.013,470.709,15.144,469.81,29.333,13672.582,465.72472,12.70832,False,False,False,False
2021-10-01 12:27:21.000,367.853,0.948,7548.745,377.206,0.726,468.607,15.668,468.226,27.254,16877.817,465.72472,12.70832,False,False,False,False
2021-10-01 12:27:21.500,367.529,0.693,7607.831,376.324,0.86,466.565,16.121,467.241,25.962,1001.376,465.72472,12.70832,False,False,False,False
2021-10-01 12:27:22.000,367.765,0.836,7658.529,376.559,2.423,466.426,15.902,466.585,25.451,-18412.001,465.72472,12.70832,False,False,False,False
2021-10-01 12:27:22.500,367.971,1.207,7645.104,376.912,2.669,467.3,15.329,465.997,25.812,-24919.265,465.72472,12.70832,False,False,False,False
2021-10-01 12:27:23.000,367.882,1.223,7621.901,376.735,1.809,468.271,14.721,465.785,26.337,-20322.796,465.72472,12.70832,False,False,False,False
2021-10-01 12:27:23.500,367.118,1.197,7629.284,376.353,1.575,469.006,14.182,466.349,26.386,-6333.426,465.72472,12.70832,False,False,False,False
2021-10-01 12:27:24.000,366.647,1.255,7644.442,376.824,1.667,469.252,13.8,467.3,26.17,11925.243,465.72472,12.70832,False,False,False,False
2021-10-01 12:27:24.500,368.5,1.242,7654.994,378.176,2.323,469.116,13.625,468.271,25.899,28680.295,465.72472,12.70832,False,False,False,False
2021-10-01 12:27:25.000,369.412,1.297,7647.836,378.529,2.014,468.657,13.733,469.006,25.453,29137.124,465.72472,12.70832,False,False,False,False
2021-10-01 12:27:25.500,367.941,1.049,7585.827,377.206,1.595,468.05,13.977,469.215,24.645,-767.24,465.72472,12.70832,False,False,False,False
2021-10-01 12:27:26.000,365.559,1.252,7567.373,375.029,1.678,467.424,14.226,468.741,23.565,-29087.785,465.72472,12.70832,False,False,False,False
2021-10-01 12:27:26.500,366.0,2.985,7753.725,373.706,1.605,466.793,14.373,467.397,22.269,-23684.084,465.72472,12.70832,False,False,False,False
2021-10-01 12:27:27.000,369.029,4.154,7982.177,373.588,1.793,466.165,14.347,466.029,20.89,-418.832,465.72472,12.70832,False,False,False,False
2021-10-01 12:27:27.500,369.941,3.192,8149.898,375.0,1.406,465.662,14.456,465.456,19.606,23176.034,465.72472,12.70832,False,False,False,False
2021-10-01 12:27:28.000,369.912,2.493,8262.634,375.882,2.406,465.459,15.0,465.329,18.94,31833.183,465.72472,12.70832,False,False,False,False
2021-10-01 12:27:28.500,372.088,1.996,8248.384,376.029,2.83,465.726,15.575,465.343,19.363,12067.288,465.72472,12.70832,False,False,False,False
2021-10-01 12:27:29.000,372.206,1.442,8225.282,376.206,2.804,466.643,15.732,465.697,19.463,-11304.095,465.72472,12.70832,False,False,False,False
2021-10-01 12:27:29.500,369.588,1.807,8296.656,376.206,2.721,467.507,15.409,466.64,17.9,-14262.604,465.72472,12.70832,False,False,False,False
2021-10-01 12:27:30.000,368.059,2.699,8336.247,375.5,1.907,467.626,14.515,467.507,16.294,-8676.954,465.72472,12.70832,False,False,False,False
2021-10-01 12:27:30.500,367.0,1.827,8171.109,375.029,1.905,467.35,13.349,467.626,16.335,-7212.491,465.72472,12.70832,False,False,False,False
2021-10-01 12:27:31.000,365.588,1.49,7963.698,374.735,1.924,467.074,12.234,467.35,17.257,-8515.607,465.72472,12.70832,False,False,False,False
2021-10-01 12:27:31.500,365.588,1.09,7816.331,374.382,1.723,467.193,11.81,467.074,18.239,-9873.966,465.72472,12.70832,False,False,False,False
2021-10-01 12:27:32.000,365.941,1.126,7711.721,375.088,1.7,467.999,12.718,467.193,18.824,-8906.696,465.72472,12.70832,False,False,False,False
2021-10-01 12:27:32.500,366.088,1.439,7692.801,376.824,2.072,468.4,13.943,468.057,18.613,-3342.875,465.72472,12.70832,False,False,False,False
2021-10-01 12:27:33.000,367.324,0.904,7680.646,376.941,1.455,467.368,14.499,468.974,18.018,4108.929,465.72472,12.70832,False,False,False,False
2021-10-01 12:27:33.500,372.971,1.663,7607.221,376.118,1.498,466.476,14.62,469.281,17.44,10669.357,465.72472,12.70832,False,False,False,False
2021-10-01 12:27:34.000,382.588,1.823,7540.226,376.971,1.911,467.331,14.573,469.435,17.181,14337.859,465.72472,12.70832,False,False,False,False
2021-10-01 12:27:34.500,390.441,1.665,7557.623,377.176,1.883,468.832,14.446,470.118,17.664,12885.939,465.72472,12.70832,False,False,False,False
2021-10-01 12:27:35.000,397.441,1.217,7611.421,376.588,1.805,470.113,14.309,472.541,19.489,7722.505,465.72472,12.70832,True,False,False,False
2021-10-01 12:27:35.500,396.0,0.652,7705.477,377.353,1.887,473.1,14.439,477.935,23.273,-10.878,465.72472,12.70832,False,False,False,False
2021-10-01 12:27:36.000,384.912,0.984,7786.178,378.441,2.042,479.663,15.101,483.612,26.859,-6991.057,465.72472,12.70832,False,False,False,False
2021-10-01 12:27:36.500,375.941,0.583,7781.473,380.265,2.311,485.132,15.745,486.827,28.077,-10396.925,465.72472,12.70832,False,False,False,False
2021-10-01 12:27:37.000,373.147,0.521,7766.354,387.176,2.292,484.751,15.808,487.86,27.835,-14107.657,465.72472,12.70832,False,False,False,False
2021-10-01 12:27:37.500,373.588,0.698,7800.741,400.647,1.777,481.982,15.494,486.911,26.988,-22197.691,465.72472,12.70832,False,False,False,False
2021-10-01 12:27:38.000,375.676,0.964,7840.97,407.676,2.103,480.238,14.995,485.05,25.914,-32603.028,465.72472,12.70832,False,False,False,False
2021-10-01 12:27:38.500,376.588,1.882,7850.531,403.118,1.232,479.2,14.424,483.077,24.82,-42354.031,465.72472,12.70832,False,False,False,False
2021-10-01 12:27:39.000,376.588,1.595,7822.38,390.029,1.302,478.297,13.88,481.122,23.789,-44555.057,465.72472,12.70832,True,False,False,False
2021-10-01 12:27:39.500,379.147,1.343,7696.872,381.324,0.938,477.771,13.635,479.315,22.929,-32405.831,465.72472,12.70832,False,False,False,False
2021-10-01 12:27:40.000,385.941,1.082,7617.403,379.176,1.412,478.016,13.936,478.432,22.503,-18704.221,465.72472,12.70832,False,False,False,False
2021-10-01 12:27:40.500,392.0,0.842,7793.11,379.088,1.741,478.791,14.122,479.421,22.826,-15752.786,465.72472,12.70832,False,False,False,False
2021-10-01 12:27:41.000,395.471,0.835,8004.622,379.853,1.321,479.996,13.631,481.774,23.522,-16388.841,465.72472,12.70832,False,False,False,False
2021-10-01 12:27:41.500,399.206,0.77,8084.738,381.735,0.909,481.965,13.611,485.215,24.273,-13670.429,465.72472,12.70832,False,False,False,False
2021-10-01 12:27:42.000,402.088,1.285,8159.199,383.912,1.136,485.234,15.227,489.574,25.065,-14270.234,465.72472,12.70832,True,False,False,False
2021-10-01 12:27:42.500,403.441,1.046,8347.857,389.0,1.676,489.574,17.085,494.89,26.188,-25012.953,465.72472,12.70832,False,False,False,False
2021-10-01 12:27:43.000,404.088,0.959,8589.069,399.882,1.575,494.813,17.811,500.524,29.37,-33384.283,465.72472,12.70832,True,False,False,False
2021-10-01 12:27:43.500,401.353,1.844,8894.575,408.853,1.619,499.759,18.237,505.74,36.238,-26828.158,465.72472,12.70832,False,False,False,False
2021-10-01 12:27:44.000,394.118,2.388,9136.63,411.971,1.919,503.139,19.206,509.274,42.253,-16619.71,465.72472,12.70832,False,False,False,False
2021-10-01 12:27:44.500,388.529,1.807,9097.046,412.882,2.037,504.831,20.04,509.707,42.775,-14293.57,465.72472,12.70832,False,False,False,False
2021-10-01 12:27:45.000,385.5,1.862,9014.157,414.118,2.722,504.558,19.965,508.6,40.423,-16414.817,465.72472,12.70832,False,False,False,False
2021-10-01 12:27:45.500,382.059,1.089,9062.317,415.088,2.043,503.35,19.414,507.26,37.877,-18473.193,465.72472,12.70832,False,False,False,False
2021-10-01 12:27:46.000,379.441,1.021,9089.318,413.029,1.61,502.027,18.832,505.603,36.659,-15581.215,465.72472,12.70832,False,False,False,False
2021-10-01 12:27:46.500,376.676,1.32,8910.216,408.382,1.927,500.722,18.484,503.197,37.915,-3420.635,465.72472,12.70832,False,False,False,False
2021-10-01 12:27:47.000,372.529,0.715,8673.581,400.912,1.798,499.335,18.573,499.568,39.071,8633.458,465.72472,12.70832,False,False,False,False
2021-10-01 12:27:47.500,371.618,0.422,8445.777,396.029,1.889,497.024,18.667,494.279,37.592,11002.525,465.72472,12.70832,False,False,False,False
2021-10-01 12:27:48.000,373.941,0.758,8239.298,393.5,2.66,492.944,18.289,489.626,35.111,6793.64,465.72472,12.70832,False,False,False,False
2021-10-01 12:27:48.500,375.441,1.426,8095.836,390.559,2.89,488.818,17.337,487.897,33.229,-1219.543,465.72472,12.70832,False,False,False,False
2021-10-01 12:27:49.000,374.647,1.316,7958.77,388.794,2.902,486.388,15.776,487.344,31.185,-11793.604,465.72472,12.70832,True,False,False,False
2021-10-01 12:27:49.500,372.324,0.959,7781.979,387.206,2.451,485.065,14.731,486.297,28.171,-24149.45,465.72472,12.70832,False,False,False,False
2021-10-01 12:27:50.000,370.971,0.897,7638.963,385.059,2.688,484.22,15.314,485.221,25.792,-33641.987,465.72472,12.70832,False,False,False,False
2021-10-01 12:27:50.500,369.412,0.836,7652.131,383.794,1.55,483.134,16.354,484.773,25.785,-35458.346,465.72472,12.70832,False,False,False,False
2021-10-01 12:27:51.000,366.706,1.111,7684.869,382.735,1.221,481.168,16.695,484.663,27.001,-33371.631,465.72472,12.70832,False,False,False,False
2021-10-01 12:27:51.500,366.471,1.656,7629.984,381.5,2.271,478.75,16.632,484.594,28.369,-30797.031,465.72472,12.70832,False,False,False,False
2021-10-01 12:27:52.000,370.059,1.513,7600.072,380.529,2.17,476.751,16.532,484.525,29.738,-28222.431,465.72472,12.70832,False,False,False,False
2021-10-01 12:27:52.500,375.029,1.587,7744.963,379.5,2.374,478.557,16.536,484.456,31.107,-25647.832,465.72472,12.70832,False,False,False,False
2021-10-01 12:27:53.000,379.059,1.854,7932.795,378.765,2.564,487.578,16.775,484.387,32.476,-23073.232,466.461,12.70832,False,False,False,False
2021-10-01 12:27:53.500,382.824,1.596,8093.352,378.0,2.669,497.225,17.339,484.319,33.844,-20498.632,466.63966,12.70832,False,False,False,False
2021-10-01 12:27:54.000,383.441,1.762,8240.178,377.382,2.933,500.988,18.362,484.25,35.213,-17924.032,467.06538,12.70832,False,False,False,False
2021-10-01 12:27:54.500,382.294,1.34,8367.647,378.059,3.138,501.571,19.606,484.181,36.582,-15349.433,467.19061999999997,12.70832,False,False,False,False
2021-10-01 12:27:55.000,380.794,0.876,8470.302,381.324,3.19,501.757,20.879,484.113,37.95,-12774.833,467.19061999999997,12.70832,True,False,False,False
2021-10-01 12:27:55.500,380.147,1.164,8517.203,385.853,1.792,501.943,22.151,484.044,39.319,-10200.233,467.19061999999997,12.70832,False,False,False,False
2021-10-01 12:27:56.000,381.0,1.741,8979.82,388.382,1.551,502.129,23.424,483.975,40.688,-7625.633,467.19061999999997,12.70832,False,False,False,False
2021-10-01 12:27:56.500,385.618,4.258,10930.272,390.265,1.48,502.314,24.696,483.906,42.057,-5051.034,467.32824,13.59314,False,False,False,False
2021-10-01 12:27:57.000,392.912,6.334,13171.455,392.206,1.751,502.5,25.969,483.837,43.425,-2476.434,467.36726,13.6306,False,False,False,False
2021-10-01 12:27:57.500,395.176,5.988,14921.069,393.441,1.762,502.686,27.241,483.625,45.608,-389.306,467.36726,13.63492,False,False,False,False
2021-10-01 12:27:58.000,393.765,3.582,16228.969,394.559,1.727,502.871,28.513,482.264,54.302,-2201.947,467.36726,13.63492,True,False,False,False
2021-10-01 12:27:58.500,391.235,3.274,16516.909,396.206,2.36,503.057,29.786,479.193,75.451,-11502.088,468.80198,13.63492,False,False,False,False
2021-10-01 12:27:59.000,389.324,2.881,16638.902,401.441,2.949,503.243,31.058,479.668,98.565,-22205.665,470.08738,13.63492,False,False,False,False
2021-10-01 12:27:59.500,387.529,2.281,17193.524,409.471,5.517,503.429,32.331,488.903,113.034,-28357.578,470.33644,13.63492,False,False,False,False
2021-10-01 12:28:00.000,386.618,2.328,17451.956,411.676,6.444,503.566,33.555,498.962,120.035,-31641.405,470.76631999999995,13.63492,False,False,False,False
2021-10-01 12:28:00.500,388.441,2.39,16248.58,408.765,5.031,503.319,34.393,501.965,120.653,-33953.442,471.32674000000003,13.63492,False,False,False,False
2021-10-01 12:28:01.000,392.882,2.576,14664.815,406.324,3.57,502.439,34.532,501.885,118.584,-36563.751,470.90142,13.63492,False,False,False,False
2021-10-01 12:28:01.500,395.471,2.989,13239.357,404.0,3.368,502.268,34.872,502.881,117.095,-39950.477,470.77079999999995,13.63492,False,False,False,False
2021-10-01 12:28:02.000,395.971,2.953,12144.176,401.853,3.188,504.162,36.3,504.524,119.626,-39869.916,470.5647,13.63492,False,False,False,False
2021-10-01 12:28:02.500,395.971,1.965,12019.005,401.029,3.039,506.55,38.023,505.954,129.321,-32158.915,470.5647,13.63492,False,False,False,False
2021-10-01 12:28:03.000,395.559,1.968,12105.114,402.118,2.622,507.837,39.212,507.013,139.344,-24794.046,470.5647,13.63492,False,False,False,False
2021-10-01 12:28:03.500,393.676,1.688,11949.772,405.265,2.452,508.225,39.919,507.596,142.927,-25878.903,470.5647,13.63492,False,False,False,False
2021-10-01 12:28:04.000,390.206,1.327,11629.0,407.588,3.392,507.938,40.207,507.95,143.053,-31447.205,470.5647,13.63492,False,False,False,False
2021-10-01 12:28:04.500,385.647,1.333,10986.914,409.206,3.821,507.35,40.305,508.229,142.516,-37068.555,470.5647,13.63492,False,False,False,False
2021-10-01 12:28:05.000,380.294,1.326,10314.548,409.765,3.209,506.649,40.295,508.137,140.124,-38630.847,470.54642,13.9299,False,False,False,False
2021-10-01 12:28:05.500,379.735,1.035,9858.13,408.676,2.445,505.343,39.619,507.188,134.008,-31852.066,470.54642,14.11218,False,False,False,False
2021-10-01 12:28:06.000,380.029,0.984,9505.098,405.941,2.489,502.86,37.661,504.938,125.933,-19230.59,470.54642,14.709,False,False,False,False
2021-10-01 12:28:06.500,378.824,1.156,9290.065,401.529,2.347,500.053,35.425,500.859,117.407,-3582.266,470.54642,15.217080000000001,False,False,False,False
2021-10-01 12:28:07.000,378.559,2.177,9082.794,393.853,1.884,497.716,33.89,496.45,108.681,5467.224,470.54642,15.31226,False,False,False,False
2021-10-01 12:28:07.500,380.588,1.786,8768.216,388.059,1.791,495.509,32.795,493.299,99.986,-1461.955,470.54642,15.76676,False,False,False,False
2021-10-01 12:28:08.000,384.088,1.409,8514.779,386.971,2.491,493.147,31.904,492.135,93.103,-12267.025,470.54642,15.76676,False,False,False,False
2021-10-01 12:28:08.500,385.294,1.138,8580.176,388.176,2.355,491.562,31.503,493.671,90.107,-15244.224,470.54642,15.76676,False,False,False,False
2021-10-01 12:28:09.000,383.147,1.043,8713.514,388.735,2.451,491.779,31.94,495.371,89.692,-14814.704,470.54642,15.76676,False,False,False,False
2021-10-01 12:28:09.500,379.029,1.144,8761.423,389.059,3.13,492.632,32.468,494.855,90.74,-15626.972,470.54642,15.76676,False,False,False,False
