timestamp,CO2_TUG_BCT2,BC_TUG_BCT2,PN_TUG_DC,CO2_TUG_BCT1,BC_TUG_BCT1,CO2_ICAD_1,NO2_ICAD,CO2_ICAD_2,NOX_ICAD,O3_ICAD,bg_CO2_TUG_BCT1,lb_trigger
2021-10-04 06:32:28.000,368.529,3.056,6919.553,375.059,3.257,478.797,10.096,477.871,9.452,-10753.287,374.17483999999996,False
2021-10-04 06:32:28.500,368.088,2.651,6907.133,375.059,3.39,478.282,10.231,476.857,10.171,-22788.88,374.17483999999996,False
2021-10-04 06:32:29.000,368.324,2.188,6906.941,375.559,2.762,476.899,10.982,476.303,10.792,-30633.052,374.17483999999996,False
2021-10-04 06:32:29.500,369.265,2.447,6916.004,376.735,2.851,476.303,11.853,478.072,10.262,-31315.774,374.17483999999996,False
2021-10-04 06:32:30.000,370.529,2.209,6944.13,377.676,3.103,478.051,12.332,480.018,9.674,-27454.306,374.17483999999996,False
2021-10-04 06:32:30.500,371.735,1.772,6965.866,377.971,3.035,479.812,12.345,479.931,10.113,-21473.218,374.17483999999996,False
2021-10-04 06:32:31.000,373.059,1.97,6946.455,378.0,3.605,479.251,11.832,478.891,10.546,-18142.057,374.17483999999996,False
2021-10-04 06:32:31.500,372.676,3.063,6910.92,377.941,3.334,477.903,11.292,478.04,9.881,-21755.848,374.17483999999996,False
2021-10-04 06:32:32.000,371.118,1.868,6861.334,377.471,1.973,477.36,11.195,477.506,8.805,-26117.651,374.17483999999996,False
2021-10-04 06:32:32.500,371.235,1.301,6821.811,376.588,1.067,477.3,11.336,477.321,8.022,-24989.541,374.17483999999996,False
2021-10-04 06:32:33.000,370.882,1.555,6830.852,376.529,2.161,477.362,11.509,477.3,7.424,-20883.609,374.17483999999996,False
2021-10-04 06:32:33.500,369.324,2.282,6856.178,376.941,2.635,477.918,11.694,477.362,6.904,-16541.597,374.17483999999996,False
2021-10-04 06:32:34.000,368.735,2.573,6889.095,376.5,2.422,479.36,11.843,477.918,6.824,-13288.774,374.17483999999996,False
2021-10-04 06:32:34.500,367.912,2.708,6924.5,376.294,2.208,480.485,11.499,479.36,7.654,-12337.34,374.17483999999996,False
2021-10-04 06:32:35.000,366.206,2.71,6961.243,376.471,2.37,480.088,10.231,480.485,9.169,-13459.202,374.17483999999996,False
2021-10-04 06:32:35.500,366.441,2.757,6997.831,376.235,2.071,479.197,9.124,480.068,11.101,-16051.038,374.17483999999996,False
2021-10-04 06:32:36.000,368.676,3.433,7031.937,376.029,2.664,478.819,9.242,478.991,12.253,-14551.844,374.17483999999996,False
2021-10-04 06:32:36.500,369.912,3.098,7038.752,376.029,3.624,478.594,9.651,478.178,11.44,-4152.302,374.17483999999996,False
2021-10-04 06:32:37.000,370.441,3.112,6953.854,376.206,4.106,478.141,9.443,477.988,10.031,2307.067,374.17483999999996,False
2021-10-04 06:32:37.500,370.676,2.512,6844.116,376.206,3.039,478.018,9.259,478.75,9.35,-7686.479,374.17483999999996,False
2021-10-04 06:32:38.000,369.765,2.449,6740.686,375.529,2.526,478.8,9.791,479.912,9.093,-19148.815,374.17483999999996,False
2021-10-04 06:32:38.500,369.353,2.901,6655.334,375.353,2.677,479.582,10.458,480.991,8.879,-16645.02,374.17483999999996,False
2021-10-04 06:32:39.000,369.676,2.976,6625.35,376.0,2.932,479.461,10.656,482.0,8.659,-6594.704,374.17483999999996,False
2021-10-04 06:32:39.500,369.471,1.41,6607.735,376.765,2.375,479.028,10.63,482.932,8.452,4098.38,374.17483999999996,False
2021-10-04 06:32:40.000,368.794,2.002,6577.986,377.5,2.407,478.898,10.652,483.324,8.355,12387.083,374.17483999999996,False
2021-10-04 06:32:40.500,368.824,2.713,6563.473,378.382,2.193,478.95,10.712,482.632,8.478,15867.023,374.17483999999996,False
2021-10-04 06:32:41.000,369.118,2.499,6613.98,378.088,2.699,479.042,10.776,481.4,8.71,16942.581,374.17483999999996,False
2021-10-04 06:32:41.500,368.676,1.246,6678.225,376.265,2.756,479.269,10.829,480.143,8.933,16974.703,374.17483999999996,False
2021-10-04 06:32:42.000,367.029,1.43,6724.557,374.706,2.496,479.728,10.862,479.226,8.972,11063.718,374.17483999999996,False
2021-10-04 06:32:42.500,366.118,2.64,6755.586,374.853,2.26,480.01,10.926,478.968,8.72,-5662.351,374.17483999999996,False
2021-10-04 06:32:43.000,366.029,3.09,6752.343,376.206,2.796,479.686,11.074,478.85,8.902,-19762.492,374.17483999999996,False
2021-10-04 06:32:43.500,366.382,3.313,6746.966,376.853,2.636,479.05,11.266,478.41,10.198,-17903.81,374.17483999999996,False
2021-10-04 06:32:44.000,367.794,3.069,6768.237,376.471,2.986,478.41,11.45,478.053,11.344,-10966.965,374.17483999999996,False
2021-10-04 06:32:44.500,369.882,1.801,6792.338,375.471,2.94,478.046,11.537,478.184,11.141,-10151.418,374.17483999999996,False
2021-10-04 06:32:45.000,370.5,1.438,6799.532,374.588,2.461,478.183,11.436,478.185,11.067,-14512.217,374.20424,False
2021-10-04 06:32:45.500,369.206,1.712,6810.138,374.059,2.054,478.185,11.288,477.513,12.482,-21851.589,374.20424,False
2021-10-04 06:32:46.000,367.265,1.804,6849.644,374.559,2.257,477.497,11.23,477.347,13.129,-24246.55,374.20424,False
2021-10-04 06:32:46.500,367.706,1.732,6898.06,375.176,2.529,477.185,11.233,478.871,10.762,-14524.368,374.20424,False
2021-10-04 06:32:47.000,370.265,1.378,6948.025,375.471,2.904,478.336,11.24,480.559,8.392,-5627.827,374.20424,False
2021-10-04 06:32:47.500,370.5,2.013,6990.554,375.206,3.05,479.775,11.063,480.871,9.082,-10278.827,374.20424,False
2021-10-04 06:32:48.000,368.324,2.13,7006.109,374.765,2.961,480.312,10.496,480.554,10.96,-18107.142,374.20424,False
2021-10-04 06:32:48.500,367.176,2.1,7015.769,374.353,3.101,480.35,9.734,480.39,12.091,-18310.978,374.20424,False
2021-10-04 06:32:49.000,367.382,2.599,7031.712,374.794,2.952,480.265,8.992,480.35,12.746,-14236.605,374.20424,False
2021-10-04 06:32:49.500,368.794,1.958,7035.747,375.941,3.112,479.704,8.616,480.265,13.235,-10263.361,374.20424,False
2021-10-04 06:32:50.000,370.676,1.996,6991.911,376.235,2.876,478.305,8.986,479.704,12.868,-11377.37,374.20424,False
2021-10-04 06:32:50.500,369.765,2.128,6923.548,376.529,1.858,477.347,9.852,478.265,10.927,-21723.789,374.20424,False
2021-10-04 06:32:51.000,366.235,2.099,6819.054,377.206,2.08,478.071,10.954,476.95,9.223,-29620.719,374.20424,False
2021-10-04 06:32:51.500,365.471,2.178,6730.762,377.235,2.412,478.959,11.619,476.804,9.599,-23607.675,374.3483,False
2021-10-04 06:32:52.000,368.529,2.245,6734.039,377.294,2.752,478.54,11.185,477.494,11.092,-14278.694,374.55488,False
2021-10-04 06:32:52.500,372.147,1.784,6757.256,377.676,3.331,478.038,10.327,478.626,12.658,-12468.001,374.55488,False
2021-10-04 06:32:53.000,372.588,1.936,6757.606,377.412,4.066,478.738,9.74,479.171,13.351,-15028.287,374.55488,False
2021-10-04 06:32:53.500,371.118,2.788,6754.767,376.265,3.616,479.744,9.738,478.213,12.397,-18161.708,374.55488,False
2021-10-04 06:32:54.000,372.0,3.337,6764.994,375.412,2.845,480.4,10.664,477.362,11.699,-19406.763,374.55488,True
2021-10-04 06:32:54.500,377.735,2.369,6800.931,377.5,2.341,483.056,12.244,478.356,13.217,-16640.444,374.55488,False
2021-10-04 06:32:55.000,390.176,2.369,6911.394,392.294,3.165,490.649,14.307,480.997,16.079,-12211.073,374.55488,False
2021-10-04 06:32:55.500,411.529,3.279,7002.367,421.588,2.645,502.629,16.61,485.19,19.466,-8277.863,374.55488,False
2021-10-04 06:32:56.000,445.588,3.506,6952.975,449.206,2.566,518.953,18.993,490.1,23.043,-4720.144,374.55488,False
2021-10-04 06:32:56.500,463.794,2.976,6918.089,478.853,2.963,537.3,21.402,496.047,26.787,-1098.774,374.55488,False
2021-10-04 06:32:57.000,461.882,3.097,7074.027,490.088,3.514,555.369,23.804,509.571,31.668,3407.28,374.55488,False
2021-10-04 06:32:57.500,449.118,2.988,7278.635,481.5,3.388,569.191,26.129,537.091,38.622,8918.926,374.55488,False
2021-10-04 06:32:58.000,437.559,2.81,7458.662,466.765,3.413,574.425,28.187,562.941,45.077,9205.016,374.55488,False
2021-10-04 06:32:58.500,429.882,2.731,7598.079,456.794,3.452,574.659,29.282,571.153,48.371,-1939.03,374.55488,False
2021-10-04 06:32:59.000,421.206,1.921,7623.881,445.676,2.917,572.781,28.613,569.388,49.779,-13755.23,374.55488,False
2021-10-04 06:32:59.500,414.382,1.405,7643.504,433.588,2.928,569.55,27.209,564.846,50.33,-15263.964,374.55488,False
2021-10-04 06:33:00.000,405.412,2.11,7753.464,424.5,3.636,564.862,25.994,558.268,49.406,-9774.025,374.55488,False
2021-10-04 06:33:00.500,395.706,2.767,7819.95,414.912,2.887,558.268,24.939,549.263,46.061,-1204.811,374.55488,False
2021-10-04 06:33:01.000,393.088,2.095,7645.609,409.382,2.364,549.184,23.938,541.165,42.003,3151.765,374.55488,False
2021-10-04 06:33:01.500,395.676,1.548,7420.377,406.0,2.234,540.371,23.076,537.287,38.866,-3349.579,374.55488,False
2021-10-04 06:33:02.000,397.441,2.146,7261.991,403.294,2.58,534.609,22.456,535.303,36.611,-11676.552,374.55488,False
2021-10-04 06:33:02.500,396.912,2.656,7168.31,403.059,3.92,530.918,21.8,532.982,35.192,-12840.841,374.55488,False
2021-10-04 06:33:03.000,394.765,2.787,7229.093,403.882,3.042,528.412,20.83,530.521,34.406,-10144.342,374.55488,False
2021-10-04 06:33:03.500,391.235,2.362,7318.195,402.676,3.401,526.4,19.695,528.372,34.197,-7128.004,374.55488,False
2021-10-04 06:33:04.000,384.529,2.193,7351.342,399.735,3.215,524.332,18.616,526.4,34.254,-4198.471,374.55488,False
2021-10-04 06:33:04.500,378.324,2.487,7376.295,395.059,3.058,521.324,18.155,524.332,34.187,-1543.939,374.55488,False
2021-10-04 06:33:05.000,375.382,2.01,7429.534,390.294,3.065,516.569,18.84,521.324,32.878,-1002.619,374.55488,False
2021-10-04 06:33:05.500,373.265,1.605,7471.609,384.382,3.298,511.968,19.424,516.432,29.215,-4065.735,374.55488,False
2021-10-04 06:33:06.000,371.706,1.654,7446.111,380.824,2.623,509.338,18.668,510.6,25.385,-4266.182,374.55488,False
2021-10-04 06:33:06.500,371.853,2.568,7388.158,379.824,2.809,507.015,17.341,504.806,23.573,4212.378,374.55488,False
2021-10-04 06:33:07.000,373.059,3.538,7285.653,379.529,2.696,503.369,16.225,500.259,23.016,9598.014,374.55488,False
2021-10-04 06:33:07.500,372.618,3.206,7160.739,379.706,3.074,499.876,15.304,498.185,22.916,40.603,374.55488,False
2021-10-04 06:33:08.000,370.588,2.875,7003.155,379.441,3.1,498.147,14.55,497.194,22.731,-13005.016,374.55488,False
2021-10-04 06:33:08.500,369.853,3.216,6862.702,378.588,2.221,497.194,14.259,496.029,21.972,-17976.882,374.55488,False
2021-10-04 06:33:09.000,369.853,2.744,6813.923,378.588,1.885,496.009,14.749,494.7,20.401,-18998.836,374.55488,False
2021-10-04 06:33:09.500,370.588,3.356,6798.086,379.471,2.287,494.494,15.224,493.369,17.73,-20539.119,374.55488,False
2021-10-04 06:33:10.000,372.618,2.959,6803.773,379.853,2.233,492.671,14.894,492.191,14.713,-21346.382,374.55488,False
2021-10-04 06:33:10.500,373.059,1.524,6801.924,379.294,2.42,491.012,14.154,491.321,12.146,-19153.259,374.55488,False
2021-10-04 06:33:11.000,371.882,2.298,6753.581,378.588,2.662,489.991,13.398,490.615,10.702,-12781.91,374.61682,False
2021-10-04 06:33:11.500,371.706,2.48,6707.205,379.265,2.451,489.3,12.661,489.951,11.128,-611.054,374.76205999999996,False
2021-10-04 06:33:12.000,371.618,2.207,6714.17,379.647,2.472,488.571,11.995,489.3,12.476,14374.326,374.76205999999996,False
2021-10-04 06:33:12.500,369.618,1.772,6732.805,379.206,2.611,487.206,11.881,488.571,13.926,28464.968,374.76205999999996,False
2021-10-04 06:33:13.000,369.235,2.208,6738.208,378.412,2.867,484.71,12.807,487.206,15.272,32583.193,374.76205999999996,False
2021-10-04 06:33:13.500,370.941,3.594,6745.709,376.735,3.179,482.697,13.789,484.729,16.345,17562.598,374.79048,False
2021-10-04 06:33:14.000,371.882,3.172,6774.436,374.912,3.304,482.818,13.854,482.888,16.804,-982.292,374.90963999999997,False
2021-10-04 06:33:14.500,372.0,1.874,6823.753,374.618,2.978,483.879,13.46,483.409,16.199,-8253.571,375.402,False
2021-10-04 06:33:15.000,372.0,2.147,6922.568,375.471,3.613,484.669,13.067,484.4,14.823,-12085.415,375.402,False
2021-10-04 06:33:15.500,372.029,2.639,7023.946,375.941,3.99,484.812,12.607,484.012,13.012,-20517.623,375.402,False
2021-10-04 06:33:16.000,372.265,3.101,7084.383,376.0,2.671,484.053,11.966,483.318,12.178,-27070.545,375.402,False
2021-10-04 06:33:16.500,372.676,3.203,7114.821,376.059,2.394,483.318,11.384,483.41,13.647,-23853.212,375.402,False
2021-10-04 06:33:17.000,372.412,2.524,7082.851,376.559,2.636,483.45,11.136,483.185,15.203,-12784.739,375.402,False
2021-10-04 06:33:17.500,371.265,2.07,7028.841,377.735,2.21,483.582,11.214,481.518,14.707,4499.912,375.402,False
2021-10-04 06:33:18.000,370.441,2.335,6961.181,378.647,2.311,482.846,11.642,479.991,13.842,22178.501,375.402,False
2021-10-04 06:33:18.500,371.088,2.503,6903.99,378.882,3.045,482.081,12.266,480.248,14.304,34359.888,375.402,False
2021-10-04 06:33:19.000,372.853,3.154,6896.067,379.853,3.532,482.183,12.978,481.287,14.786,38138.935,375.402,False
2021-10-04 06:33:19.500,373.088,2.814,6898.689,382.324,2.797,482.75,13.724,482.104,13.844,29930.606,375.45982,False
2021-10-04 06:33:20.000,371.794,2.038,6888.458,382.765,2.485,483.337,14.412,482.75,12.14,15889.166,375.45982,False
2021-10-04 06:33:20.500,371.118,1.753,6878.026,381.0,2.889,483.625,14.595,483.337,10.459,1798.264,375.45982,False
2021-10-04 06:33:21.000,371.265,2.029,6880.257,379.559,3.028,483.352,13.815,483.625,9.716,-6855.223,375.45982,False
2021-10-04 06:33:21.500,371.676,1.715,6892.406,378.265,2.825,483.097,12.889,483.411,10.742,-4813.806,375.45982,False
2021-10-04 06:33:22.000,371.647,2.157,6925.427,377.471,3.453,483.478,12.596,483.685,11.841,1225.601,375.45982,False
2021-10-04 06:33:22.500,372.382,3.297,6939.717,378.265,3.123,484.482,12.506,485.36,11.44,4877.151,375.45982,False
2021-10-04 06:33:23.000,375.088,2.281,6868.922,379.882,2.725,486.021,12.24,486.718,11.105,5579.817,375.45982,False
2021-10-04 06:33:23.500,375.794,2.365,6788.863,379.676,2.806,486.924,12.538,485.999,12.38,3336.691,375.45982,False
2021-10-04 06:33:24.000,374.588,1.711,6762.2,379.353,3.002,486.019,14.136,484.468,13.425,1608.539,375.45982,False
2021-10-04 06:33:24.500,374.588,1.527,6757.436,379.676,3.374,484.468,15.533,483.391,12.321,3350.857,375.45982,False
2021-10-04 06:33:25.000,374.941,1.492,6774.038,379.471,3.061,483.371,15.19,482.644,10.547,3999.892,375.45982,False
2021-10-04 06:33:25.500,375.0,2.117,6786.729,378.794,2.889,482.438,14.0,482.04,9.677,-966.248,375.45982,False
2021-10-04 06:33:26.000,374.853,1.924,6765.388,378.824,2.406,481.321,12.87,481.76,9.825,-6112.468,375.45982,False
2021-10-04 06:33:26.500,373.676,1.291,6752.152,379.206,2.942,480.375,12.059,482.061,11.084,-5773.128,375.45982,False
2021-10-04 06:33:27.000,371.412,1.274,6800.931,379.471,2.715,480.013,11.751,482.65,12.868,-2496.151,375.45982,False
2021-10-04 06:33:27.500,370.941,1.624,6861.331,379.324,2.113,479.95,11.691,483.227,14.65,1268.291,375.45982,False
2021-10-04 06:33:28.000,372.206,1.862,6899.661,379.824,2.271,479.951,11.695,483.422,15.882,5994.812,375.45982,False
2021-10-04 06:33:28.500,372.882,1.591,6933.907,381.118,2.812,480.157,11.967,482.852,16.015,12645.494,375.45982,False
2021-10-04 06:33:29.000,372.735,2.027,6976.83,381.088,2.468,480.727,12.709,481.9,15.598,20258.256,375.45982,False
2021-10-04 06:33:29.500,372.235,2.443,7032.765,379.529,2.526,481.115,13.221,480.954,15.145,27442.259,375.45982,False
2021-10-04 06:33:30.000,371.735,2.71,7124.635,378.412,2.959,480.793,12.809,480.444,14.949,30234.121,375.45982,True
2021-10-04 06:33:30.500,371.0,1.703,7220.376,378.471,2.183,480.419,12.215,480.756,15.231,23963.569,375.45982,False
2021-10-04 06:33:31.000,370.324,0.952,7293.28,378.676,2.236,480.667,12.188,481.115,15.495,11075.831,375.34418,False
2021-10-04 06:33:31.500,370.353,1.393,7346.346,377.824,2.462,481.25,12.476,480.85,15.217,-6179.52,375.28636,False
2021-10-04 06:33:32.000,371.265,1.527,7353.782,377.882,3.298,481.895,12.778,480.985,14.484,-20607.971,375.28636,False
2021-10-04 06:33:32.500,372.471,1.942,7339.751,379.206,3.475,482.699,12.875,482.516,13.308,-25348.201,375.28636,False
2021-10-04 06:33:33.000,373.206,2.532,7297.116,380.029,3.173,483.724,12.55,483.776,11.551,-26136.78,375.28636,False
2021-10-04 06:33:33.500,373.824,1.788,7249.196,381.059,2.668,484.144,11.921,483.134,9.203,-27875.243,375.28636,False
2021-10-04 06:33:34.000,374.912,1.505,7211.143,383.147,2.826,483.171,11.118,482.362,8.354,-25760.334,375.28636,False
2021-10-04 06:33:34.500,377.529,1.233,7169.936,385.794,2.72,482.362,10.62,483.321,11.101,-14251.247,375.28636,False
2021-10-04 06:33:35.000,380.794,1.182,7108.277,389.676,2.635,483.418,10.905,485.244,14.537,-793.396,375.28636,False
2021-10-04 06:33:35.500,383.676,1.41,7061.374,392.382,3.092,486.215,11.508,487.34,15.795,6988.813,375.28636,False
2021-10-04 06:33:36.000,386.882,1.697,7086.115,394.0,2.874,490.601,11.977,489.353,15.909,9485.707,375.28636,False
2021-10-04 06:33:36.500,387.941,1.663,7137.904,395.912,2.513,494.593,12.251,491.135,16.007,7046.156,375.28636,False
2021-10-04 06:33:37.000,386.971,2.435,7212.425,396.471,2.803,496.274,12.296,492.8,16.173,2326.189,375.28636,False
2021-10-04 06:33:37.500,384.765,2.596,7337.909,394.941,3.289,496.75,12.23,494.421,16.267,-2710.182,375.28636,False
2021-10-04 06:33:38.000,381.529,2.914,7615.528,392.0,2.631,496.968,12.169,495.806,15.719,-7997.377,375.28636,False
2021-10-04 06:33:38.500,377.176,2.316,7870.851,387.941,1.304,496.334,12.247,496.604,13.991,-13870.759,375.28636,False
2021-10-04 06:33:39.000,375.559,2.848,7896.929,381.912,1.944,493.973,12.568,496.238,12.451,-20671.285,375.28636,False
2021-10-04 06:33:39.500,374.294,2.477,7845.656,378.559,2.456,490.594,12.727,494.041,12.407,-28059.203,375.35182000000003,False
2021-10-04 06:33:40.000,372.706,2.027,7757.85,377.5,2.36,486.975,12.327,491.374,12.502,-29750.643,375.46864,False
2021-10-04 06:33:40.500,374.235,1.905,7670.489,376.559,2.394,484.756,11.85,489.493,11.441,-19342.697,375.55488,False
2021-10-04 06:33:41.000,374.735,2.542,7618.106,376.265,2.83,485.513,11.753,487.953,10.638,-7055.326,375.55488,False
2021-10-04 06:33:41.500,373.0,3.289,7518.767,376.206,3.721,486.776,11.612,486.21,11.558,-2758.02,375.55488,False
2021-10-04 06:33:42.000,371.647,2.546,7223.499,375.559,2.949,486.132,11.008,484.15,12.706,-1353.428,375.55488,False
2021-10-04 06:33:42.500,371.059,1.749,6930.149,375.647,2.077,484.547,10.514,481.794,12.608,2344.345,375.55488,False
2021-10-04 06:33:43.000,371.471,1.76,6839.774,377.0,2.331,483.094,10.732,480.191,12.408,4871.034,375.55488,False
2021-10-04 06:33:43.500,371.471,1.656,6815.39,378.353,3.109,481.994,11.25,480.419,13.272,2246.158,375.55488,False
2021-10-04 06:33:44.000,371.059,1.991,6814.153,378.412,3.785,481.379,11.657,481.2,14.09,-1615.762,375.55488,False
2021-10-04 06:33:44.500,371.441,2.794,6804.759,377.5,3.54,481.0,11.985,481.3,13.658,-2754.749,375.55488,False
2021-10-04 06:33:45.000,371.147,2.824,6746.373,376.853,3.355,480.659,12.256,481.0,12.563,-2359.036,375.55488,False
2021-10-04 06:33:45.500,369.765,2.585,6707.868,376.794,2.667,480.388,12.15,480.659,11.466,-1403.994,375.55488,False
2021-10-04 06:33:46.000,368.794,3.43,6786.653,377.471,2.781,480.281,11.344,480.388,11.015,2490.967,375.55488,False
2021-10-04 06:33:46.500,368.0,3.321,6878.919,377.765,1.934,480.421,10.604,480.281,11.814,10926.712,375.55488,False
2021-10-04 06:33:47.000,367.382,2.602,6900.197,378.059,2.36,480.881,10.692,480.421,12.924,11589.924,375.55488,False
2021-10-04 06:33:47.500,367.912,3.015,6904.652,379.206,2.985,481.188,11.133,480.919,13.435,-7274.557,375.55488,False
2021-10-04 06:33:48.000,370.0,2.621,6923.015,379.647,3.032,480.918,11.419,481.571,13.575,-24613.717,375.55488,False
2021-10-04 06:33:48.500,372.059,2.099,6952.17,379.324,2.793,480.788,11.352,482.163,13.522,-19845.985,375.55488,False
2021-10-04 06:33:49.000,372.382,2.165,7003.693,379.5,2.825,481.504,10.808,482.462,12.807,-11077.272,375.55488,False
2021-10-04 06:33:49.500,371.382,2.918,7042.65,379.941,2.659,482.256,10.459,482.268,11.003,-16465.133,375.55488,False
2021-10-04 06:33:50.000,369.882,2.802,7016.616,379.441,2.221,482.187,10.976,482.215,9.936,-23791.474,375.55488,False
2021-10-04 06:33:50.500,368.647,2.462,6998.428,378.794,1.997,481.612,11.833,482.865,11.419,-20026.708,375.55488,False
2021-10-04 06:33:51.000,369.794,3.025,7071.839,378.265,1.729,480.876,12.489,483.24,13.491,-13770.965,375.55488,False
2021-10-04 06:33:51.500,370.647,2.663,7145.956,378.029,1.281,480.353,12.805,482.289,14.181,-14342.603,375.55488,False
2021-10-04 06:33:52.000,370.794,2.172,7130.894,378.0,2.138,480.385,12.66,480.65,14.096,-18721.575,375.55488,False
2021-10-04 06:33:52.500,371.5,1.388,7108.282,377.941,3.014,480.7,12.291,479.007,13.901,-23318.441,375.55488,False
2021-10-04 06:33:53.000,371.941,1.612,7149.204,377.529,3.138,480.963,11.874,478.016,13.603,-25851.125,375.55488,False
2021-10-04 06:33:53.500,372.0,1.756,7199.313,377.059,3.197,480.532,11.291,478.332,13.098,-24255.446,375.55488,False
2021-10-04 06:33:54.000,372.0,2.288,7216.714,377.471,2.894,478.749,10.479,479.3,12.49,-20595.586,375.55488,False
2021-10-04 06:33:54.500,372.0,3.467,7214.46,377.382,2.374,476.553,10.32,480.26,11.878,-16728.555,375.55488,False
2021-10-04 06:33:55.000,371.882,3.18,7177.306,376.265,2.108,474.933,11.683,480.503,11.341,-13268.344,375.55488,False
2021-10-04 06:33:55.500,371.0,3.205,7122.528,375.353,3.649,474.378,13.121,479.31,10.952,-10621.771,375.55488,False
2021-10-04 06:33:56.000,369.588,2.077,7041.708,375.294,3.736,475.423,13.179,477.4,10.638,-8382.018,375.55488,False
2021-10-04 06:33:56.500,369.676,2.075,6960.175,375.765,2.974,477.25,12.496,475.496,10.365,-6027.59,375.55488,False
2021-10-04 06:33:57.000,370.735,2.688,6901.759,376.265,3.602,479.042,11.758,474.356,10.347,-2348.935,375.55488,False
2021-10-04 06:33:57.500,372.088,2.325,6841.564,377.0,3.664,479.769,11.32,474.729,10.771,3645.508,375.55488,False
2021-10-04 06:33:58.000,371.912,2.115,6752.296,377.706,3.114,478.464,11.456,475.738,10.923,8302.856,375.55488,False
2021-10-04 06:33:58.500,370.588,2.043,6669.515,377.971,2.838,476.871,11.663,476.603,10.129,7248.242,375.55488,False
2021-10-04 06:33:59.000,370.647,2.001,6638.875,378.0,3.005,476.716,11.447,477.491,9.424,-906.49,375.55488,False
2021-10-04 06:33:59.500,371.412,2.933,6643.171,378.0,2.634,477.491,11.004,478.571,9.787,-18263.186,375.55488,False
2021-10-04 06:34:00.000,371.941,3.559,6715.171,378.0,1.79,478.571,10.583,479.015,9.98,-39992.342,375.55488,False
2021-10-04 06:34:00.500,371.471,2.226,6782.699,377.941,1.923,479.015,10.541,478.041,8.841,-60690.041,375.55488,False
2021-10-04 06:34:01.000,371.059,1.654,6767.706,377.529,2.567,477.991,11.202,477.397,8.222,-69692.343,375.55488,False
2021-10-04 06:34:01.500,371.029,1.964,6738.587,377.059,2.921,476.897,11.855,478.799,9.987,-56067.531,375.55488,False
2021-10-04 06:34:02.000,371.235,2.351,6743.644,377.441,3.186,477.14,11.784,480.596,12.039,-35928.036,375.55488,False
2021-10-04 06:34:02.500,371.471,2.579,6757.054,377.235,2.829,478.1,11.329,481.085,12.22,-24563.661,375.55488,False
2021-10-04 06:34:03.000,371.235,2.178,6764.72,376.588,2.376,479.122,10.863,480.85,11.384,-18313.661,375.55488,False
2021-10-04 06:34:03.500,371.029,1.9,6778.234,377.265,2.674,479.921,10.7,480.537,10.526,-12627.394,375.55488,False
2021-10-04 06:34:04.000,371.0,2.773,6817.562,377.647,3.532,480.228,11.117,480.325,10.512,-6336.612,375.55488,False
2021-10-04 06:34:04.500,370.971,2.413,6849.248,377.265,2.828,479.959,11.652,480.364,12.053,948.93,375.55488,False
2021-10-04 06:34:05.000,370.735,2.855,6828.828,377.029,2.776,479.093,11.836,480.915,13.388,7124.818,375.55488,False
2021-10-04 06:34:05.500,370.382,3.231,6798.897,377.0,2.882,478.968,11.664,482.169,12.81,9499.946,375.55488,False
2021-10-04 06:34:06.000,371.059,2.526,6788.282,377.0,2.317,480.813,11.134,482.776,11.835,6577.002,375.55488,False
2021-10-04 06:34:06.500,372.676,2.08,6778.069,376.971,2.35,482.365,10.47,481.375,11.973,-2698.22,375.55488,False
2021-10-04 06:34:07.000,373.059,2.006,6749.66,376.735,2.191,481.334,9.897,479.374,12.272,-7318.933,375.55488,True
2021-10-04 06:34:07.500,372.324,1.964,6720.007,376.324,2.256,479.374,9.67,478.197,11.731,3402.397,375.64112,False
2021-10-04 06:34:08.000,371.588,1.733,6704.822,376.559,3.217,478.177,10.058,477.797,11.182,16867.799,375.75676,False
2021-10-04 06:34:08.500,372.235,2.018,6710.724,377.353,3.111,477.599,10.726,478.06,11.508,20078.442,375.75676,False
2021-10-04 06:34:09.000,372.382,2.009,6774.797,376.971,2.474,477.395,11.372,478.406,12.045,15427.713,375.75676,True
2021-10-04 06:34:09.500,371.559,1.954,6853.675,375.853,2.777,477.35,11.989,478.321,12.098,5356.132,375.75676,False
2021-10-04 06:34:10.000,371.265,1.412,6925.459,376.353,2.463,477.287,12.557,478.0,11.878,-7082.479,375.75676,False
2021-10-04 06:34:10.500,371.206,1.728,6988.507,377.206,2.536,476.925,12.762,477.622,11.737,-18779.855,375.75676,False
2021-10-04 06:34:11.000,370.559,2.181,7028.807,378.0,2.78,476.04,12.288,477.021,12.509,-22180.311,375.75676,False
2021-10-04 06:34:11.500,370.676,2.681,7058.606,378.618,2.23,475.479,11.823,476.146,14.936,-10134.452,375.75676,False
2021-10-04 06:34:12.000,372.265,3.128,7075.326,378.176,2.316,476.184,12.091,476.435,16.929,1028.138,375.75676,False
2021-10-04 06:34:12.500,374.206,3.511,7107.828,377.0,2.601,477.959,13.015,479.378,16.768,-4421.7,375.75676,False
2021-10-04 06:34:13.000,375.441,3.87,7207.129,378.059,2.653,480.65,14.585,482.944,18.674,-13365.062,375.75676,False
2021-10-04 06:34:13.500,376.647,2.914,7300.866,382.206,4.137,483.341,16.7,485.116,27.182,-12218.215,375.75676,False
2021-10-04 06:34:14.000,378.765,3.204,7309.732,385.824,4.395,485.156,19.312,486.218,38.664,-6469.48,375.75676,False
2021-10-04 06:34:14.500,383.529,3.234,7343.213,388.5,3.254,486.218,21.713,487.175,52.092,-2484.267,375.75676,False
2021-10-04 06:34:15.000,390.235,4.506,7543.306,396.618,3.13,487.175,23.436,492.332,84.268,-2022.247,375.75676,False
2021-10-04 06:34:15.500,404.559,7.457,7641.231,412.118,4.21,492.332,26.544,506.229,157.886,-7251.08,375.75676,False
2021-10-04 06:34:16.000,429.5,8.225,7231.718,431.735,6.4,506.151,33.097,522.762,275.663,-20345.719,375.75676,False
2021-10-04 06:34:16.500,442.029,7.512,7180.7,458.147,6.963,521.982,39.823,535.873,441.573,-43314.317,375.75676,False
2021-10-04 06:34:17.000,442.382,8.645,8875.756,468.559,7.076,533.388,43.413,545.166,598.78,-61425.337,375.75676,False
2021-10-04 06:34:17.500,439.471,8.304,11050.423,464.059,8.06,542.3,45.318,550.332,691.76,-59644.844,375.75676,False
2021-10-04 06:34:18.000,436.912,7.716,13127.777,458.735,8.27,550.763,47.005,553.55,751.064,-47579.382,375.75676,False
2021-10-04 06:34:18.500,433.206,7.514,15015.305,455.382,8.293,558.132,48.627,556.554,804.923,-35427.028,375.75676,False
2021-10-04 06:34:19.000,428.676,6.669,16360.782,449.088,7.388,563.138,50.015,559.787,848.885,-32864.508,375.75676,False
2021-10-04 06:34:19.500,424.588,7.037,17692.033,440.206,5.637,565.65,50.509,563.188,871.232,-48282.623,375.75676,False
2021-10-04 06:34:20.000,419.912,6.642,19499.722,434.882,5.352,565.11,49.426,564.488,869.106,-63698.32,375.75676,False
2021-10-04 06:34:20.500,417.706,5.738,20818.644,431.588,6.165,562.253,48.241,561.276,837.231,-61567.334,375.75676,False
2021-10-04 06:34:21.000,415.059,4.88,19972.025,429.882,6.042,557.5,48.322,556.669,795.911,-53356.82,375.85124,False
2021-10-04 06:34:21.500,409.765,4.49,18610.137,427.353,5.348,552.747,48.428,553.642,763.035,-50972.724,376.25676,False
2021-10-04 06:34:22.000,405.882,4.288,17638.331,422.5,4.66,549.579,47.299,551.55,735.292,-52101.352,376.32282000000004,False
2021-10-04 06:34:22.500,402.265,4.645,16807.868,418.706,4.745,546.247,46.098,549.439,707.792,-53857.86,376.35242,False
2021-10-04 06:34:23.000,399.294,4.996,16058.35,413.941,5.215,541.03,46.003,546.24,677.117,-57124.691,376.35242,False
2021-10-04 06:34:23.500,398.588,4.838,15274.353,408.559,5.977,536.054,45.988,541.001,640.185,-63053.886,376.35242,False
2021-10-04 06:34:24.000,397.294,4.136,14292.725,406.529,5.999,533.59,44.949,535.768,600.846,-67627.164,376.35242,False
2021-10-04 06:34:24.500,392.529,4.355,13231.869,406.324,4.418,532.45,43.36,532.488,562.006,-65675.452,376.35242,False
2021-10-04 06:34:25.000,387.676,3.844,12097.442,403.029,3.538,531.328,41.717,529.515,518.784,-53007.071,376.35242,False
2021-10-04 06:34:25.500,382.529,3.7,11016.334,394.588,3.669,529.029,40.201,525.16,466.313,-25660.639,376.35242,False
2021-10-04 06:34:26.000,379.206,4.562,10192.999,387.382,3.353,524.378,38.939,520.481,416.379,-1512.487,376.35242,False
2021-10-04 06:34:26.500,376.794,2.711,9504.295,383.912,2.761,518.55,37.803,516.633,381.18,1519.55,376.35242,False
2021-10-04 06:34:27.000,375.294,1.921,9022.76,381.324,3.481,512.711,36.578,513.25,353.669,-6497.124,376.35242,False
2021-10-04 06:34:27.500,374.176,2.214,8620.697,380.147,4.227,507.96,34.506,509.983,326.899,-15505.453,376.35242,False
2021-10-04 06:34:28.000,372.265,2.723,8289.55,380.0,3.626,505.387,30.929,507.181,298.368,-21398.315,376.35242,False
2021-10-04 06:34:28.500,370.912,3.225,8048.659,380.147,3.11,503.915,27.993,505.31,266.735,-22046.56,376.35242,False
2021-10-04 06:34:29.000,372.706,3.025,8048.337,381.382,3.422,502.597,27.906,503.915,236.713,-27469.87,376.35242,False
2021-10-04 06:34:29.500,377.294,2.575,8049.129,384.206,2.885,501.256,29.141,502.616,213.85,-46673.326,376.35242,False
2021-10-04 06:34:30.000,379.412,2.644,7816.954,386.441,2.959,499.907,30.238,501.447,199.454,-60875.404,376.35242,False
2021-10-04 06:34:30.500,380.647,2.779,7646.956,388.118,3.399,499.018,31.219,500.638,195.778,-50819.301,376.35242,False
2021-10-04 06:34:31.000,384.0,2.47,7924.701,391.0,3.807,499.193,32.252,500.935,198.075,-32185.901,376.35242,False
2021-10-04 06:34:31.500,386.353,2.936,8264.925,393.941,3.408,500.509,33.105,503.146,203.233,-20501.232,376.35242,False
2021-10-04 06:34:32.000,388.0,2.498,8373.21,395.941,3.613,503.103,33.562,505.721,213.021,-12579.135,376.35242,False
2021-10-04 06:34:32.500,389.235,2.474,8482.507,397.912,4.23,505.721,34.243,507.05,229.895,-5110.602,376.35242,False
2021-10-04 06:34:33.000,388.353,3.957,8829.87,398.471,4.187,507.1,35.716,506.779,246.286,-5236.608,376.55488,False
2021-10-04 06:34:33.500,385.559,3.787,9221.89,396.941,3.817,507.279,36.973,504.654,254.414,-20829.625,376.95864,False
2021-10-04 06:34:34.000,383.971,3.416,9527.792,394.382,3.35,506.228,36.949,502.965,256.223,-38512.067,376.95864,False
2021-10-04 06:34:34.500,383.794,3.279,9785.245,393.441,2.93,504.6,36.257,503.89,253.398,-44771.515,376.98706,False
2021-10-04 06:34:35.000,384.353,3.983,9963.677,394.0,2.663,503.007,35.507,505.54,248.985,-42357.747,377.20188,False
2021-10-04 06:34:35.500,383.471,3.751,10137.386,394.529,3.259,502.274,34.969,505.989,245.301,-33954.715,377.98412,False
2021-10-04 06:34:36.000,380.0,3.648,10370.531,393.382,3.283,503.066,34.819,505.75,242.111,-22935.623,378.05782000000005,False
2021-10-04 06:34:36.500,376.324,3.092,10515.642,390.412,3.084,503.188,34.578,505.301,238.508,-12346.112,378.17366,False
2021-10-04 06:34:37.000,373.824,2.936,10297.41,387.471,2.504,500.451,33.782,503.857,231.11,-7809.315,378.17366,False
2021-10-04 06:34:37.500,371.5,2.331,10001.807,383.529,3.041,496.926,32.889,500.518,216.096,-14930.056,378.20306,False
2021-10-04 06:34:38.000,371.647,1.939,9801.728,380.294,2.559,494.775,32.317,496.926,197.086,-24520.405,378.20306,False
2021-10-04 06:34:38.500,373.618,1.817,9587.923,379.735,2.692,494.024,31.541,494.678,177.416,-27416.836,378.20306,False
2021-10-04 06:34:39.000,373.618,2.149,9228.952,381.265,4.037,494.544,30.081,493.053,159.267,-24455.813,378.20306,False
2021-10-04 06:34:39.500,373.059,2.743,8843.412,383.147,3.39,494.618,29.064,491.359,144.711,-16844.239,378.20306,False
2021-10-04 06:34:40.000,372.735,2.227,8513.712,383.912,2.974,492.676,29.639,490.135,133.324,-9726.598,378.05488,False
2021-10-04 06:34:40.500,372.353,2.45,8269.54,383.971,2.855,490.547,30.583,490.059,125.189,-8063.986,377.85182000000003,False
2021-10-04 06:34:41.000,372.824,2.403,8263.473,383.706,2.946,490.1,30.659,490.453,119.624,-10791.706,377.78342,False
2021-10-04 06:34:41.500,374.059,2.144,8311.245,383.0,3.654,490.453,30.191,490.643,116.379,-16754.049,377.66778,False
2021-10-04 06:34:42.000,373.559,2.738,8307.155,382.265,2.98,490.682,29.567,490.374,113.411,-21494.325,377.58154,False
2021-10-04 06:34:42.500,371.059,3.388,8283.35,381.824,3.275,490.771,29.112,489.467,108.981,-20542.976,377.58154,False
2021-10-04 06:34:43.000,369.529,2.527,8245.252,381.794,4.091,490.797,29.111,488.696,104.397,-15098.325,377.58154,False
2021-10-04 06:34:43.500,370.118,2.373,8211.751,382.471,3.714,490.8,29.34,488.835,101.089,-5999.788,377.58154,False
2021-10-04 06:34:44.000,372.206,1.22,8207.313,382.676,3.272,490.719,29.577,489.45,98.47,4747.934,377.35124,False
2021-10-04 06:34:44.500,373.471,1.642,8182.7,382.324,3.033,489.991,29.645,490.024,95.881,14959.923,377.26205999999996,False
2021-10-04 06:34:45.000,372.647,3.154,8059.462,382.529,4.017,488.128,29.325,489.793,92.837,19236.863,377.26205999999996,False
2021-10-04 06:34:45.500,370.353,2.839,7916.125,383.206,3.523,486.888,28.435,488.111,89.069,11961.01,377.26205999999996,False
2021-10-04 06:34:46.000,369.441,2.029,7802.791,383.206,2.539,488.034,26.801,486.918,86.336,1288.536,377.26205999999996,False
2021-10-04 06:34:46.500,370.0,1.769,7721.428,383.029,3.087,489.85,25.422,488.129,86.38,-5106.366,377.26205999999996,False
2021-10-04 06:34:47.000,370.706,1.893,7719.418,383.0,3.426,490.621,25.39,489.976,86.744,-9422.076,377.26205999999996,False
2021-10-04 06:34:47.500,370.971,2.379,7726.279,383.0,2.443,490.756,26.713,490.629,85.096,-14141.907,377.26205999999996,False
2021-10-04 06:34:48.000,371.118,2.413,7684.926,383.0,2.336,490.707,29.318,490.318,83.398,-17744.554,377.26205999999996,False
2021-10-04 06:34:48.500,371.912,2.02,7640.358,382.971,2.313,490.318,31.035,489.372,83.719,-18027.655,377.26205999999996,False
2021-10-04 06:34:49.000,372.618,2.153,7633.676,382.706,3.494,489.372,29.801,488.603,84.558,-14941.449,377.26205999999996,False
2021-10-04 06:34:49.500,371.294,2.262,7646.273,382.0,4.391,488.603,28.032,488.662,84.229,-8454.07,377.26205999999996,False
2021-10-04 06:34:50.000,370.912,2.379,7686.678,381.353,3.615,488.76,28.117,488.415,82.464,-3227.042,377.26205999999996,False
2021-10-04 06:34:50.500,371.941,2.452,7713.598,381.5,2.765,489.393,28.846,486.788,79.005,-3732.017,377.26205999999996,False
2021-10-04 06:34:51.000,372.176,2.771,7667.005,381.941,2.761,490.074,28.892,485.468,75.109,-6087.337,377.26205999999996,False
2021-10-04 06:34:51.500,372.029,1.285,7622.707,381.441,3.369,490.75,28.53,486.237,71.906,-6418.527,377.26205999999996,False
2021-10-04 06:34:52.000,371.882,1.024,7659.91,380.794,2.744,491.227,28.08,488.1,69.1,-5546.826,377.26205999999996,False
2021-10-04 06:34:52.500,371.029,2.913,7715.392,380.265,2.598,490.122,27.326,489.863,66.404,-4309.884,377.26205999999996,False
2021-10-04 06:34:53.000,369.853,2.651,7751.545,380.029,2.876,486.11,26.004,489.732,64.189,-1353.917,377.26205999999996,False
2021-10-04 06:34:53.500,370.294,2.595,7764.95,380.0,3.201,482.574,24.688,486.051,62.832,4314.507,377.26205999999996,False
2021-10-04 06:34:54.000,370.5,2.375,7720.008,380.0,3.034,482.859,23.927,482.382,61.112,5897.205,377.26205999999996,False
2021-10-04 06:34:54.500,368.941,2.399,7669.85,380.0,2.946,484.415,23.276,482.226,57.81,-2619.357,377.26205999999996,False
2021-10-04 06:34:55.000,366.559,2.699,7659.216,380.0,2.796,484.669,22.331,483.482,54.032,-6577.75,377.26205999999996,False
2021-10-04 06:34:55.500,367.0,2.64,7633.606,379.971,2.904,484.276,21.713,483.874,50.854,8074.342,377.26205999999996,False
2021-10-04 06:34:56.000,370.147,2.719,7517.053,379.735,2.468,483.953,22.044,482.853,47.77,21971.281,377.26205999999996,False
2021-10-04 06:34:56.500,371.706,3.425,7402.993,379.294,2.678,482.853,22.258,480.131,44.278,15351.708,377.26205999999996,False
2021-10-04 06:34:57.000,371.206,3.549,7388.809,379.324,3.287,480.052,21.308,478.056,41.269,1008.186,377.26205999999996,False
2021-10-04 06:34:57.500,369.676,2.566,7405.003,380.0,2.876,477.269,20.154,478.877,39.733,-7658.468,377.26205999999996,False
2021-10-04 06:34:58.000,368.324,2.166,7425.538,380.647,2.539,476.242,19.795,480.316,38.859,-10703.949,377.26205999999996,False
2021-10-04 06:34:58.500,368.706,2.493,7445.785,380.441,2.419,476.15,19.875,480.057,37.889,-8871.061,377.26205999999996,False
2021-10-04 06:34:59.000,372.324,1.587,7461.319,379.529,1.555,476.249,20.013,478.85,36.823,-4811.121,377.26205999999996,False
2021-10-04 06:34:59.500,373.382,2.148,7471.397,379.029,2.785,476.943,20.184,477.639,35.62,-576.423,377.26205999999996,False
2021-10-04 06:35:00.000,371.382,2.129,7466.702,378.735,2.619,478.732,20.362,477.34,33.417,2829.283,377.26205999999996,False
2021-10-04 06:35:00.500,370.706,2.43,7431.089,378.294,2.347,480.374,20.101,478.771,29.368,4417.921,377.26205999999996,False
2021-10-04 06:35:01.000,371.735,2.906,7303.944,378.265,1.978,480.625,18.964,480.374,25.541,3904.865,377.26205999999996,False
2021-10-04 06:35:01.500,372.588,2.976,7170.774,378.471,2.976,480.276,17.868,480.665,23.951,794.183,377.26205999999996,False
2021-10-04 06:35:02.000,372.176,2.94,7108.099,378.206,3.07,480.157,17.696,480.674,22.91,-3178.002,377.26205999999996,False
2021-10-04 06:35:02.500,370.794,3.015,7061.092,377.853,2.759,480.497,17.712,481.428,20.792,-6132.521,377.20424,False
2021-10-04 06:35:03.000,370.059,2.18,6997.302,378.059,2.847,481.41,17.149,482.006,18.93,-5840.997,377.108,False
2021-10-04 06:35:03.500,369.735,1.602,6939.023,379.147,2.493,482.006,16.315,481.409,18.77,-387.78,377.108,False
2021-10-04 06:35:04.000,369.235,2.167,6917.205,379.118,2.531,481.41,15.573,480.482,18.957,3425.104,377.108,False
2021-10-04 06:35:04.500,368.824,2.515,6911.333,377.794,2.684,480.49,15.082,480.074,18.158,-1336.072,377.108,False
2021-10-04 06:35:05.000,368.794,2.818,6923.622,377.118,2.377,480.114,14.99,479.853,17.304,-10396.91,377.108,False
2021-10-04 06:35:05.500,369.529,3.043,6928.291,377.265,2.599,480.05,15.094,479.451,17.434,-19023.536,377.108,False
2021-10-04 06:35:06.000,370.206,2.481,6889.428,377.676,2.304,480.01,15.223,479.062,18.111,-22334.003,377.108,False
2021-10-04 06:35:06.500,370.735,2.305,6864.843,377.588,1.951,479.846,15.352,478.916,18.892,-15341.239,377.108,False
2021-10-04 06:35:07.000,370.941,2.655,6932.741,377.853,2.068,479.468,15.434,478.9,19.692,-3207.83,377.108,False
2021-10-04 06:35:07.500,370.735,2.519,7007.652,379.588,2.604,479.238,15.148,478.918,20.472,9147.261,377.108,False
2021-10-04 06:35:08.000,370.294,2.668,7014.419,379.529,2.832,479.554,14.208,479.076,21.073,18135.162,377.108,False
2021-10-04 06:35:08.500,370.265,2.505,7018.706,377.353,2.791,480.306,13.569,479.479,21.309,19902.055,377.108,False
2021-10-04 06:35:09.000,370.471,2.859,7083.204,376.5,2.051,481.324,14.198,479.718,21.324,14408.721,376.99236,False
2021-10-04 06:35:09.500,370.235,2.54,7163.745,377.529,2.592,481.729,15.282,479.384,21.191,1345.29,376.61564,False
2021-10-04 06:35:10.000,370.059,1.321,7238.3,379.147,2.817,480.663,16.006,478.921,20.701,-10516.164,376.48235999999997,False
2021-10-04 06:35:10.500,370.265,2.326,7283.686,379.647,2.713,479.303,16.438,478.79,19.65,-12138.292,375.99236,False
2021-10-04 06:35:11.000,370.765,3.089,7234.898,379.265,2.382,478.828,16.629,478.976,18.883,-4377.991,375.99236,False
2021-10-04 06:35:11.500,371.235,3.354,7164.319,379.029,2.881,478.976,16.243,479.45,19.219,11432.13,375.99236,False
2021-10-04 06:35:12.000,371.735,3.111,7112.358,379.0,2.621,479.45,14.974,479.924,19.712,22234.575,375.99236,False
2021-10-04 06:35:12.500,371.882,3.34,7055.59,378.971,1.862,479.924,14.244,480.088,19.413,15515.86,375.99236,False
2021-10-04 06:35:13.000,371.206,3.742,6963.296,378.794,1.76,480.11,15.448,479.759,18.823,3766.809,375.99236,False
2021-10-04 06:35:13.500,369.765,3.609,6875.587,378.794,2.44,479.972,17.001,478.749,18.565,78.471,375.99236,False
2021-10-04 06:35:14.000,368.882,3.052,6839.699,379.382,3.332,479.452,17.299,477.726,19.136,6199.618,375.99236,False
2021-10-04 06:35:14.500,368.794,2.734,6831.67,379.0,2.266,478.75,16.903,477.363,20.988,22817.264,375.99236,False
2021-10-04 06:35:15.000,369.5,2.252,6867.933,378.118,2.302,478.086,16.398,477.499,22.777,35971.184,375.99236,False
2021-10-04 06:35:15.500,369.941,2.003,6923.371,379.0,2.532,477.91,15.706,477.995,23.172,31801.283,375.99236,False
2021-10-04 06:35:16.000,370.029,2.285,7000.848,379.353,2.527,478.633,14.718,478.65,22.828,18622.924,375.99236,False
2021-10-04 06:35:16.500,370.235,3.008,7073.863,378.529,3.165,479.221,14.155,479.286,22.437,4836.744,375.99236,False
2021-10-04 06:35:17.000,370.471,3.203,7109.478,378.059,3.311,478.663,14.777,479.61,22.417,-4803.562,375.99236,False
2021-10-04 06:35:17.500,370.235,2.613,7123.322,378.0,3.472,477.812,15.91,479.311,23.139,-6152.117,375.99236,False
2021-10-04 06:35:18.000,370.088,2.637,7099.438,378.0,3.04,477.557,16.87,478.7,24.232,-3354.797,375.99236,False
2021-10-04 06:35:18.500,370.529,2.966,7060.906,378.0,2.661,477.762,17.304,478.113,25.213,-206.105,375.99236,False
2021-10-04 06:35:19.000,371.353,3.42,7009.459,378.0,2.842,478.247,16.889,478.032,24.924,1607.684,375.99236,False
2021-10-04 06:35:19.500,370.882,2.887,6962.998,377.971,3.521,478.709,16.184,478.878,22.269,698.535,375.99236,False
2021-10-04 06:35:20.000,369.088,2.111,6946.557,377.735,2.814,478.881,15.701,479.547,19.719,-1970.591,375.93453999999997,False
2021-10-04 06:35:20.500,368.471,1.89,6944.876,377.294,3.423,478.9,15.355,478.975,19.64,-5485.472,375.618,False
2021-10-04 06:35:21.000,369.529,2.298,6964.186,377.294,3.277,478.91,15.022,478.203,19.994,-8055.382,375.618,False
2021-10-04 06:35:21.500,371.118,2.536,6994.343,377.735,3.233,478.996,14.653,478.31,18.666,-8310.413,375.618,False
2021-10-04 06:35:22.000,371.324,3.131,7041.262,378.029,2.747,479.235,14.213,478.9,16.63,-10172.012,375.618,False
2021-10-04 06:35:22.500,370.0,3.577,7095.789,378.441,2.168,479.55,13.737,479.51,15.09,-17662.673,375.618,False
2021-10-04 06:35:23.000,368.559,3.541,7159.759,378.676,2.092,479.845,13.333,479.803,14.987,-26906.683,375.618,False
2021-10-04 06:35:23.500,367.794,3.702,7217.73,377.824,1.675,479.899,13.542,479.481,17.217,-33779.628,375.618,False
2021-10-04 06:35:24.000,367.265,2.911,7245.523,377.882,2.118,479.471,14.892,479.006,19.794,-37056.386,375.618,False
2021-10-04 06:35:24.500,367.118,1.822,7259.121,379.176,3.279,478.815,16.171,478.821,20.804,-35434.389,375.618,False
2021-10-04 06:35:25.000,367.794,2.164,7253.621,379.588,3.472,478.151,16.158,478.8,20.955,-31439.469,375.618,False
2021-10-04 06:35:25.500,369.118,2.283,7229.848,378.735,3.215,477.5,15.459,478.762,20.966,-26811.339,375.618,False
2021-10-04 06:35:26.000,369.147,1.701,7161.737,377.588,2.839,476.907,14.698,478.418,20.724,-19490.46,375.618,False
2021-10-04 06:35:26.500,368.059,2.706,7076.374,377.265,2.858,476.774,14.119,477.538,20.075,-7292.099,375.618,False
2021-10-04 06:35:27.000,367.794,2.861,6975.868,377.206,2.896,477.538,13.931,476.965,19.963,3534.89,375.618,False
2021-10-04 06:35:27.500,367.706,2.679,6880.323,376.618,2.466,478.609,14.119,477.557,21.338,7162.139,375.618,False
2021-10-04 06:35:28.000,367.324,2.603,6817.037,377.118,3.165,479.451,14.716,478.609,22.996,11460.562,375.618,False
2021-10-04 06:35:28.500,367.529,2.528,6775.238,378.824,3.028,480.306,15.475,479.394,23.65,23712.15,375.618,False
2021-10-04 06:35:29.000,368.206,2.989,6775.662,378.912,2.616,481.374,16.144,479.732,23.131,32623.762,375.618,False
2021-10-04 06:35:29.500,368.206,2.837,6803.51,377.853,2.433,481.829,16.397,479.478,21.324,26360.565,375.618,False
2021-10-04 06:35:30.000,368.118,2.637,6883.94,378.294,2.296,480.807,15.901,479.047,19.674,15092.685,375.618,False
2021-10-04 06:35:30.500,368.794,3.107,6973.873,378.647,2.517,479.444,15.224,478.797,19.504,9218.935,375.618,False
2021-10-04 06:35:31.000,370.176,2.177,7044.398,378.265,2.793,478.856,14.928,478.524,19.514,8514.656,375.618,False
2021-10-04 06:35:31.500,370.647,2.547,7111.368,378.059,2.634,478.715,15.025,478.012,18.429,11921.201,375.618,False
2021-10-04 06:35:32.000,370.265,3.527,7185.608,378.265,2.468,478.683,15.507,477.601,17.366,13660.508,375.618,False
2021-10-04 06:35:32.500,369.971,4.272,7252.676,378.676,2.219,478.916,16.039,477.655,17.553,8129.933,375.618,False
2021-10-04 06:35:33.000,369.471,3.224,7287.016,378.382,2.546,479.657,16.314,477.95,18.404,-1166.764,375.618,False
2021-10-04 06:35:33.500,368.5,2.48,7290.073,377.0,2.755,480.65,16.449,478.326,19.229,-10457.905,375.618,False
2021-10-04 06:35:34.000,367.824,2.314,7218.365,375.618,2.33,481.607,16.565,479.107,19.179,-15938.48,375.618,False
2021-10-04 06:35:34.500,367.529,3.032,7144.647,375.353,2.507,482.016,16.665,480.602,17.503,-13971.758,375.618,False
2021-10-04 06:35:35.000,367.853,3.557,7138.193,376.0,2.787,481.333,16.716,481.715,15.94,-9585.149,375.618,False
2021-10-04 06:35:35.500,368.765,3.069,7138.451,376.706,3.162,480.115,16.616,481.322,16.246,-7030.592,375.618,False
2021-10-04 06:35:36.000,370.147,2.097,7094.58,376.971,3.191,478.907,16.231,480.306,17.593,-2082.826,375.618,False
2021-10-04 06:35:36.500,370.353,3.274,7057.672,377.059,3.254,478.159,15.594,479.5,19.047,9784.04,375.618,False
2021-10-04 06:35:37.000,369.265,3.583,7089.644,377.471,3.116,478.249,14.767,478.694,19.527,21636.046,375.618,False
2021-10-04 06:35:37.500,368.471,3.104,7150.182,377.941,2.7,478.326,14.329,477.599,18.085,25894.273,375.618,False
2021-10-04 06:35:38.000,369.235,3.085,7239.986,377.471,3.134,477.562,14.858,476.491,16.654,22599.611,375.618,False
2021-10-04 06:35:38.500,370.618,2.701,7330.507,377.059,2.799,476.491,15.638,475.725,17.081,11714.846,375.618,False
2021-10-04 06:35:39.000,369.853,1.788,7394.452,377.0,2.459,475.677,15.947,475.559,17.798,220.106,375.618,False
2021-10-04 06:35:39.500,368.588,2.849,7439.105,377.029,2.725,475.081,15.833,476.24,17.185,-5362.895,375.618,False
2021-10-04 06:35:40.000,367.618,2.71,7443.602,377.265,3.155,474.633,15.355,476.838,16.149,-7060.351,375.618,False
2021-10-04 06:35:40.500,367.882,3.327,7423.705,377.735,3.093,474.25,14.71,476.434,15.674,-6882.025,375.618,False
2021-10-04 06:35:41.000,369.471,3.74,7359.533,377.941,2.907,473.943,14.081,475.5,15.526,-5962.32,375.618,False
2021-10-04 06:35:41.500,370.559,2.706,7282.988,377.735,2.673,474.184,13.746,474.587,15.547,-4611.079,375.618,False
2021-10-04 06:35:42.000,370.265,1.669,7207.693,377.324,2.622,475.461,14.025,474.368,16.589,-548.936,375.618,False
2021-10-04 06:35:42.500,369.588,1.839,7132.841,377.471,3.133,476.826,14.815,475.479,19.48,7987.152,375.618,False
2021-10-04 06:35:43.000,370.294,2.211,7058.181,377.676,3.078,477.365,16.04,476.826,21.832,11651.276,375.618,False
2021-10-04 06:35:43.500,370.912,2.135,6993.004,376.735,3.392,477.621,17.199,477.365,21.3,1414.354,375.618,False
2021-10-04 06:35:44.000,370.765,2.145,6960.604,376.088,3.591,478.131,17.769,477.621,20.075,-8998.827,375.618,False
2021-10-04 06:35:44.500,369.118,2.402,6945.863,375.941,2.107,478.488,17.662,478.188,20.287,-5563.732,375.618,False
2021-10-04 06:35:45.000,367.235,3.079,6959.531,375.618,2.06,478.285,16.773,479.062,20.548,5141.324,375.618,False
2021-10-04 06:35:45.500,369.029,3.658,6989.089,375.853,2.865,478.365,15.783,480.178,19.315,15749.728,375.618,False
2021-10-04 06:35:46.000,370.029,2.408,7045.386,377.647,3.663,479.569,15.318,481.118,17.511,20228.025,375.618,False
2021-10-04 06:35:46.500,369.324,2.687,7110.809,378.088,4.19,480.926,15.061,481.404,16.229,13065.646,375.618,False
2021-10-04 06:35:47.000,369.471,2.454,7181.309,377.059,3.655,481.4,14.71,480.926,16.261,2816.407,375.618,False
2021-10-04 06:35:47.500,369.147,1.931,7257.171,376.824,2.686,481.074,14.597,479.565,18.319,-2026.741,375.618,False
2021-10-04 06:35:48.000,367.941,2.116,7346.207,376.971,2.604,480.041,15.096,478.321,20.313,-1226.703,375.618,False
2021-10-04 06:35:48.500,368.382,2.769,7420.733,377.059,2.189,478.938,15.698,478.149,20.206,5055.186,375.618,False
2021-10-04 06:35:49.000,370.412,3.102,7431.87,377.559,2.174,478.334,15.899,478.365,19.188,11236.494,375.618,False
2021-10-04 06:35:49.500,371.088,2.505,7419.078,378.735,2.182,478.0,15.88,478.276,18.468,12085.54,375.618,False
2021-10-04 06:35:50.000,370.676,2.251,7387.268,379.647,2.486,477.785,15.831,478.0,17.969,10097.419,375.618,False
2021-10-04 06:35:50.500,369.471,2.079,7355.618,379.676,2.63,478.253,15.763,477.785,17.57,7944.979,375.618,False
2021-10-04 06:35:51.000,367.971,2.007,7342.694,379.0,2.701,479.929,15.657,478.253,17.756,7315.151,375.618,False
2021-10-04 06:35:51.500,368.412,3.126,7319.968,378.265,2.533,481.041,15.561,479.929,18.992,9131.768,375.618,False
2021-10-04 06:35:52.000,370.588,2.339,7244.861,377.765,2.442,479.903,15.508,481.041,19.856,7680.761,375.618,False
2021-10-04 06:35:52.500,371.147,1.893,7167.897,377.235,2.662,478.788,15.388,479.863,18.963,-2253.009,375.618,False
2021-10-04 06:35:53.000,370.588,2.955,7137.04,376.794,2.458,479.94,15.127,478.391,17.772,-9717.964,375.618,False
2021-10-04 06:35:53.500,371.206,2.593,7119.696,376.529,2.947,481.409,15.174,478.631,17.793,-4307.419,375.618,False
2021-10-04 06:35:54.000,371.147,2.151,7101.982,376.853,2.742,481.172,15.98,479.518,18.586,11.595,375.618,False
2021-10-04 06:35:54.500,370.059,2.506,7062.034,377.706,1.921,480.312,16.897,479.91,19.546,-10396.473,375.618,False
2021-10-04 06:35:55.000,369.794,2.561,6946.867,378.676,1.862,479.99,17.27,479.985,19.469,-20621.517,375.618,False
2021-10-04 06:35:55.500,369.706,2.389,6844.296,378.412,2.428,479.985,17.291,479.999,17.252,-15222.117,375.618,False
2021-10-04 06:35:56.000,369.265,2.311,6860.3,377.794,2.449,479.998,17.146,480.0,15.085,-4480.658,375.618,False
2021-10-04 06:35:56.500,369.118,2.693,6905.118,377.294,2.504,479.993,16.868,479.999,15.153,906.75,375.618,False
2021-10-04 06:35:57.000,369.794,2.513,6930.265,377.324,1.991,479.974,16.435,479.993,16.246,2801.309,375.618,False
2021-10-04 06:35:57.500,371.176,2.415,6946.983,378.0,2.209,479.95,15.928,479.974,17.134,3694.318,375.618,False
2021-10-04 06:35:58.000,371.647,2.372,6955.956,378.676,2.762,479.968,15.423,479.95,17.844,4286.023,375.618,False
2021-10-04 06:35:58.500,371.265,3.174,6996.052,378.706,2.864,480.334,15.0,479.968,18.5,4918.048,375.618,False
2021-10-04 06:35:59.000,370.941,1.982,7150.17,378.206,4.458,481.271,14.776,480.334,18.898,6173.946,375.618,False
2021-10-04 06:35:59.500,370.206,1.869,7294.894,377.647,4.179,481.579,14.902,481.271,18.803,8958.842,375.8483,False
2021-10-04 06:36:00.000,368.853,2.434,7293.251,377.853,3.319,480.06,15.558,481.579,18.631,14617.632,375.93924,False
2021-10-04 06:36:00.500,368.588,2.976,7255.015,379.647,2.811,478.224,16.378,480.06,18.748,24652.02,375.93924,False
2021-10-04 06:36:01.000,369.206,3.127,7237.228,380.029,2.479,477.579,17.022,478.224,18.74,35316.98,375.93924,False
2021-10-04 06:36:01.500,369.235,2.725,7211.057,378.529,3.103,477.571,17.554,477.578,18.208,42175.678,375.93924,False
2021-10-04 06:36:02.000,369.324,3.246,7134.389,377.441,2.899,477.596,18.013,477.556,17.919,40626.011,375.93924,False
2021-10-04 06:36:02.500,370.0,3.262,7041.712,377.824,2.165,477.585,18.118,477.549,18.641,26560.244,375.93924,False
2021-10-04 06:36:03.000,370.706,3.189,6945.205,379.147,2.225,477.551,17.559,477.529,19.507,15818.829,375.93924,False
2021-10-04 06:36:03.500,370.971,2.755,6880.085,379.412,2.157,477.529,16.905,477.575,19.544,23283.658,375.93924,False
2021-10-04 06:36:04.000,371.0,2.514,6926.298,378.794,2.17,477.563,16.675,477.821,18.488,31488.354,375.93924,False
2021-10-04 06:36:04.500,371.0,2.856,6983.79,378.735,2.262,477.703,16.419,478.399,16.131,22867.164,375.93924,False
2021-10-04 06:36:05.000,371.0,2.115,6969.529,378.559,2.47,478.01,15.641,478.965,14.064,10126.616,375.93924,True
2021-10-04 06:36:05.500,371.029,2.377,6960.392,378.588,3.066,478.4,14.587,479.176,13.867,6722.476,375.93924,False
2021-10-04 06:36:06.000,371.324,2.295,7041.534,379.912,2.584,478.804,13.56,479.2,14.647,8572.378,375.93924,False
2021-10-04 06:36:06.500,372.265,2.915,7149.936,380.088,2.396,479.244,13.029,479.216,15.615,10999.387,375.93924,False
2021-10-04 06:36:07.000,373.853,2.108,7261.568,378.941,2.683,479.756,13.467,479.362,17.105,12789.213,375.93924,False
2021-10-04 06:36:07.500,377.647,2.209,7369.556,379.794,2.955,480.315,14.198,479.768,19.582,13066.052,375.93924,False
2021-10-04 06:36:08.000,384.647,2.685,7462.861,385.118,2.463,481.1,14.703,480.315,22.138,10796.763,375.93924,True
2021-10-04 06:36:08.500,390.735,1.349,7570.732,392.941,2.597,483.485,15.974,481.218,23.954,4866.339,375.93924,False
2021-10-04 06:36:09.000,396.559,1.142,7743.256,400.088,2.916,488.95,18.991,484.662,25.973,-1081.796,375.93924,False
2021-10-04 06:36:09.500,398.5,2.028,7920.484,406.588,2.491,495.215,21.643,492.832,29.059,-3469.256,375.93924,False
2021-10-04 06:36:10.000,395.324,2.719,8048.903,405.912,2.839,499.984,21.834,500.862,31.435,-3830.881,376.51548,False
2021-10-04 06:36:10.500,388.676,2.956,8151.252,402.441,3.137,503.024,21.363,503.841,31.198,-3943.947,376.7887,False
2021-10-04 06:36:11.000,385.059,3.542,8212.358,398.882,2.533,504.057,21.963,503.95,29.763,-5978.763,376.8234,False
2021-10-04 06:36:11.500,383.471,3.33,8242.242,397.353,1.704,503.95,22.357,503.294,28.541,-12162.627,376.8234,False
2021-10-04 06:36:12.000,381.676,3.427,8204.594,396.676,1.808,503.322,21.159,502.191,28.027,-20828.202,376.8234,False
2021-10-04 06:36:12.500,379.706,3.157,8123.851,394.765,2.695,502.471,19.727,500.625,28.584,-29871.238,376.8234,False
2021-10-04 06:36:13.000,376.794,3.448,7961.59,391.647,2.982,501.547,19.473,499.259,29.283,-33497.218,376.85182000000003,False
2021-10-04 06:36:13.500,374.618,3.66,7778.912,386.588,3.139,500.6,19.864,498.756,29.234,-25491.534,376.85182000000003,False
2021-10-04 06:36:14.000,373.529,2.737,7606.712,383.029,3.031,499.541,20.348,498.7,28.777,-11643.434,376.85182000000003,False
2021-10-04 06:36:14.500,372.559,2.682,7435.977,381.824,2.051,497.612,20.942,498.563,28.194,2311.904,376.85182000000003,False
2021-10-04 06:36:15.000,372.412,2.523,7259.62,381.206,2.821,494.121,21.672,497.332,27.007,11282.724,376.85182000000003,False
2021-10-04 06:36:15.500,373.529,2.227,7097.081,380.588,3.093,491.194,21.848,494.093,24.801,10137.92,376.85182000000003,False
2021-10-04 06:36:16.000,375.029,2.872,6988.539,380.324,2.429,490.929,20.778,491.194,23.493,2835.888,376.85182000000003,False
2021-10-04 06:36:16.500,374.765,3.406,6918.536,381.235,2.635,491.3,19.597,490.909,24.895,-6979.806,376.85182000000003,False
2021-10-04 06:36:17.000,373.912,3.429,6927.421,381.706,3.008,490.287,19.415,491.094,26.064,-14329.653,376.85182000000003,False
2021-10-04 06:36:17.500,375.529,2.951,6952.391,381.794,2.758,488.768,19.584,489.628,24.122,-14360.67,376.85182000000003,False
2021-10-04 06:36:18.000,376.559,2.416,6954.95,382.529,3.026,487.778,19.437,487.985,21.785,-9246.678,376.85182000000003,False
2021-10-04 06:36:18.500,376.324,2.186,6972.449,383.206,3.43,487.412,19.254,487.756,21.798,-805.454,377.28517999999997,False
2021-10-04 06:36:19.000,376.471,2.03,7064.375,383.794,3.146,487.699,19.37,487.974,22.254,8018.264,377.3234,False
2021-10-04 06:36:19.500,376.676,1.72,7171.819,384.412,2.477,487.974,19.602,487.629,21.235,13889.818,377.43865999999997,False
2021-10-04 06:36:20.000,375.765,2.019,7257.793,384.676,2.351,487.619,19.75,487.121,20.546,11496.987,377.43865999999997,False
2021-10-04 06:36:20.500,375.324,2.478,7318.447,383.676,1.911,487.018,19.804,486.912,22.071,-4467.256,377.43865999999997,False
2021-10-04 06:36:21.000,375.471,2.549,7313.996,382.647,2.026,486.562,19.764,486.797,23.774,-20772.43,377.43865999999997,False
2021-10-04 06:36:21.500,375.294,3.504,7303.912,382.324,2.504,486.2,19.68,486.54,23.53,-24371.166,377.43865999999997,False
2021-10-04 06:36:22.000,375.559,3.801,7339.103,383.265,2.037,485.918,19.624,486.2,22.235,-21170.405,377.64288,False
2021-10-04 06:36:22.500,376.5,3.886,7378.729,383.912,2.776,486.176,19.827,485.918,20.936,-17040.985,377.82046,False
2021-10-04 06:36:23.000,377.294,4.548,7387.885,384.118,3.052,487.422,20.416,486.176,20.657,-12281.792,377.82046,False
2021-10-04 06:36:23.500,378.529,3.523,7386.265,385.118,2.818,488.444,20.178,487.422,22.34,-6097.864,377.82046,False
2021-10-04 06:36:24.000,380.029,3.568,7378.695,387.471,2.299,488.141,17.999,488.444,24.441,2037.337,377.82046,False
2021-10-04 06:36:24.500,379.5,4.471,7388.079,389.353,2.454,488.168,16.346,488.141,25.434,12142.506,377.82046,False
2021-10-04 06:36:25.000,376.529,3.391,7461.495,389.794,2.926,490.088,17.66,488.168,25.588,17555.165,377.85242,False
2021-10-04 06:36:25.500,374.0,3.099,7543.537,388.676,3.357,491.515,19.609,490.166,25.161,11426.738,378.28459999999995,False
2021-10-04 06:36:26.000,373.618,2.453,7590.919,386.324,3.414,490.079,19.84,492.294,24.23,1858.258,378.28459999999995,False
2021-10-04 06:36:26.500,374.441,2.572,7613.146,385.147,3.443,488.479,19.414,492.597,22.827,-2673.079,378.28459999999995,False
2021-10-04 06:36:27.000,374.588,2.492,7583.774,385.0,3.742,489.396,19.519,491.676,21.887,497.376,378.28459999999995,False
2021-10-04 06:36:27.500,373.471,2.703,7545.502,385.029,4.621,490.676,20.017,490.191,22.327,13496.104,378.28459999999995,False
