channel,reference,n_isolated,valid,null_data,no_peak,multiple_peaks,tail_anomaly,window_edge,non_positive_area,n_template
CO2_TUG_BCT1,,4699,2642,130,1438,319,168,0,0,2642
BC_TUG_BCT1,CO2_TUG_BCT1,4699,309,399,2313,108,0,0,0,268
CO2_TUG_BCT2,,4699,2262,419,1701,231,84,0,0,2262
BC_TUG_BCT2,CO2_TUG_BCT2,4699,283,345,1867,83,0,0,0,256
PN_TUG_DC,CO2_TUG_BCT2,4699,529,28,1997,24,0,0,0,483
CO2_ICAD_1,,4699,2527,51,1956,73,90,0,0,2527
NO2_ICAD,CO2_ICAD_1,4699,618,47,2001,24,0,0,0,590
CO2_ICAD_2,,4699,2521,51,1968,73,84,0,0,2521
NOX_ICAD,CO2_ICAD_2,4699,940,86,1639,13,0,0,0,889
