timestamp,CO2_TUG_BCT2,BC_TUG_BCT2,PN_TUG_DC,CO2_TUG_BCT1,BC_TUG_BCT1,CO2_ICAD_1,NO2_ICAD,CO2_ICAD_2,NOX_ICAD,O3_ICAD,bg_CO2_ICAD_2,bg_NOX_ICAD,lb_trigger,example_trigger,co2_peak,poll_peak
2021-10-01 20:56:19.000,370.324,3.312,9460.595,373.353,4.104,463.262,19.69,461.259,23.306,-6029.412,459.95617999999996,17.14168,False,False,False,False
2021-10-01 20:56:19.500,370.529,2.619,9501.297,374.529,3.53,463.3,19.604,461.979,24.452,12645.464,459.95617999999996,17.14168,False,False,False,False
2021-10-01 20:56:20.000,370.794,2.426,9493.879,376.088,4.186,463.262,19.502,462.535,25.152,25998.458,459.95617999999996,17.14168,False,False,False,False
2021-10-01 20:56:20.500,371.324,2.911,9474.247,376.118,4.664,462.918,19.307,461.96,24.23,21303.256,459.95617999999996,17.14168,False,False,False,False
2021-10-01 20:56:21.000,372.794,3.252,9459.658,374.824,4.667,461.999,18.982,461.068,22.586,5366.392,459.95617999999996,17.14168,False,False,False,False
2021-10-01 20:56:21.500,372.294,3.042,9428.277,374.353,3.915,461.068,19.015,460.747,21.115,-14706.907,459.95617999999996,17.14168,False,False,False,False
2021-10-01 20:56:22.000,369.529,2.341,9333.654,374.735,3.687,460.688,19.893,461.203,20.041,-27068.772,459.95617999999996,17.14168,False,False,False,False
2021-10-01 20:56:22.500,367.647,1.626,9226.26,374.912,4.149,460.615,20.871,462.595,19.541,-20769.874,459.95617999999996,17.14168,False,False,False,False
2021-10-01 20:56:23.000,366.529,2.002,9138.349,374.559,4.803,460.601,21.203,463.943,19.406,-10417.648,459.95617999999996,17.14168,False,False,False,False
2021-10-01 20:56:23.500,366.118,2.812,9068.688,374.324,4.656,460.6,21.185,464.301,19.485,-10376.802,459.95617999999996,17.14168,False,False,False,False
2021-10-01 20:56:24.000,366.529,3.495,9042.421,375.206,4.41,460.64,21.115,464.133,19.655,-16105.58,459.95617999999996,17.14168,False,False,False,False
2021-10-01 20:56:24.500,367.471,3.578,9040.939,375.382,3.859,460.997,20.992,463.9,19.835,-22555.562,459.95617999999996,17.14168,False,False,False,False
2021-10-01 20:56:25.000,368.029,2.966,9081.502,374.529,3.78,461.953,20.785,463.667,20.016,-29005.543,459.95617999999996,17.14168,False,False,False,False
2021-10-01 20:56:25.500,368.794,2.994,9121.999,374.088,4.12,462.932,20.732,463.442,20.199,-35001.005,459.95617999999996,17.14168,False,False,False,False
2021-10-01 20:56:26.000,370.088,2.893,9120.804,374.265,4.351,463.279,21.055,463.283,20.397,-37360.313,459.95617999999996,17.14168,False,False,False,False
2021-10-01 20:56:26.500,369.912,3.086,9118.17,374.676,3.69,462.662,21.332,463.26,20.627,-32394.663,459.95617999999996,17.14168,False,False,False,False
2021-10-01 20:56:27.000,368.588,2.938,9152.276,374.529,4.097,460.786,21.153,463.315,20.891,-23371.67,459.95617999999996,17.14168,False,False,False,False
2021-10-01 20:56:27.500,368.618,2.755,9185.606,374.324,3.842,459.199,20.938,463.396,21.162,-13371.105,459.95617999999996,17.14168,False,False,False,False
2021-10-01 20:56:28.000,369.147,3.12,9179.443,375.147,4.308,459.445,21.128,463.441,21.193,-5503.929,459.95617999999996,17.14168,False,False,False,False
2021-10-01 20:56:28.500,369.206,3.276,9170.82,374.853,4.925,460.65,21.538,463.356,20.702,-2369.969,459.95617999999996,17.14168,False,False,False,False
2021-10-01 20:56:29.000,368.559,2.979,9193.373,373.147,4.479,461.895,21.938,462.918,19.907,795.723,459.95617999999996,17.14168,False,False,False,False
2021-10-01 20:56:29.500,368.588,3.313,9221.206,372.882,4.819,462.499,22.048,461.941,19.038,7851.942,459.95617999999996,17.14168,False,False,False,False
2021-10-01 20:56:30.000,369.441,3.114,9236.239,373.941,4.655,461.899,21.64,461.294,18.516,9792.326,459.95617999999996,17.14168,False,False,False,False
2021-10-01 20:56:30.500,369.618,2.568,9264.732,374.176,5.405,461.294,21.425,461.86,18.769,-2783.884,459.95617999999996,17.14168,False,False,False,False
2021-10-01 20:56:31.000,368.735,2.462,9352.351,374.059,5.433,461.841,22.088,462.909,19.381,-18546.962,459.95617999999996,17.14168,False,False,False,False
2021-10-01 20:56:31.500,367.529,3.363,9441.8,374.265,4.501,462.718,22.793,463.702,19.947,-26105.566,459.95617999999996,17.14168,False,False,False,False
2021-10-01 20:56:32.000,367.0,4.116,9478.17,374.706,4.098,463.062,22.674,464.113,20.237,-28055.411,459.95617999999996,17.14168,False,False,False,False
2021-10-01 20:56:32.500,368.118,3.927,9492.053,374.706,4.143,463.1,22.114,464.046,20.039,-27253.884,459.95617999999996,17.14168,False,False,False,False
2021-10-01 20:56:33.000,371.059,3.747,9481.926,374.294,3.915,463.159,21.581,463.75,19.599,-25358.876,459.95617999999996,17.14168,False,False,False,False
2021-10-01 20:56:33.500,371.676,3.516,9470.74,374.265,4.099,463.688,21.714,463.493,19.244,-23007.521,459.95617999999996,17.3367,False,False,False,False
2021-10-01 20:56:34.000,369.529,3.349,9479.136,374.471,3.743,465.099,23.068,463.784,19.818,-18098.88,459.95617999999996,17.5087,False,False,False,False
2021-10-01 20:56:34.500,367.765,2.942,9477.775,374.235,3.837,466.497,24.193,465.108,22.081,-8319.783,459.95617999999996,17.83736,False,False,False,False
2021-10-01 20:56:35.000,368.118,3.775,9423.376,374.029,3.592,466.915,23.628,466.497,23.933,2063.648,459.95617999999996,17.83736,False,False,False,False
2021-10-01 20:56:35.500,370.0,3.682,9369.966,374.0,4.185,466.25,22.311,466.894,23.265,7937.878,459.95617999999996,17.83736,False,False,False,False
2021-10-01 20:56:36.000,371.265,3.571,9373.099,374.029,4.538,464.381,21.238,466.044,21.609,4475.512,459.95617999999996,17.83736,False,False,False,False
2021-10-01 20:56:36.500,371.147,4.275,9390.558,374.265,4.249,462.359,20.861,463.762,20.558,-13179.35,459.95617999999996,17.83736,False,False,False,False
2021-10-01 20:56:37.000,369.294,3.225,9400.763,374.676,3.902,461.237,21.516,461.974,20.414,-31666.566,459.95617999999996,17.83736,False,False,False,False
2021-10-01 20:56:37.500,368.412,1.645,9416.609,374.529,4.028,461.209,22.004,462.487,21.42,-37926.435,459.95617999999996,17.83736,False,False,False,False
2021-10-01 20:56:38.000,368.853,2.01,9459.395,374.324,3.722,462.44,21.2,463.294,22.926,-37253.251,459.95617999999996,17.83736,False,False,False,False
2021-10-01 20:56:38.500,369.882,2.611,9501.587,375.235,4.004,463.596,20.28,462.399,24.335,-34976.398,460.31584,17.83736,False,False,False,False
2021-10-01 20:56:39.000,370.618,2.772,9514.736,375.647,4.689,463.385,20.474,461.099,25.247,-32147.938,460.53486,17.83736,False,False,False,False
2021-10-01 20:56:39.500,369.412,2.884,9519.642,375.265,4.644,462.45,21.269,460.795,25.271,-28932.073,460.55272,17.83736,False,False,False,False
2021-10-01 20:56:40.000,369.912,4.146,9525.038,375.029,4.496,461.438,22.081,461.05,24.853,-25546.365,460.74312000000003,17.83736,False,False,False,False
2021-10-01 20:56:40.500,372.353,2.945,9519.587,375.0,4.379,460.525,22.436,461.329,24.419,-22287.664,460.74312000000003,17.83736,False,False,False,False
2021-10-01 20:56:41.000,372.471,2.242,9476.245,374.941,4.101,459.929,21.93,461.237,24.29,-20214.863,460.74312000000003,17.83736,False,False,False,False
2021-10-01 20:56:41.500,371.029,2.68,9433.078,374.559,3.836,460.362,21.4,460.539,24.65,-19844.963,460.74312000000003,17.83736,False,False,False,False
2021-10-01 20:56:42.000,369.088,2.888,9427.98,374.324,3.208,462.49,21.617,460.553,24.342,-15309.772,460.74312000000003,17.83736,False,False,False,False
2021-10-01 20:56:42.500,368.412,3.196,9416.795,375.206,4.004,464.135,21.748,462.509,22.292,-1399.521,460.74312000000003,17.83736,False,False,False,False
2021-10-01 20:56:43.000,369.0,4.182,9346.472,375.382,4.695,463.209,20.955,464.135,20.609,8429.245,460.74312000000003,17.83736,False,False,False,False
2021-10-01 20:56:43.500,369.794,3.91,9268.061,374.529,4.237,461.953,20.144,463.228,21.388,1053.015,460.74312000000003,17.83736,False,False,False,False
2021-10-01 20:56:44.000,370.618,3.369,9221.277,374.088,4.237,462.647,20.249,462.144,22.744,-7824.283,460.74312000000003,17.83736,False,False,False,False
2021-10-01 20:56:44.500,370.882,2.304,9189.515,374.265,4.364,464.118,20.657,463.238,22.771,-3119.115,460.74312000000003,17.83736,False,False,False,False
2021-10-01 20:56:45.000,369.324,1.567,9177.343,374.735,3.924,465.053,20.713,464.638,22.285,704.364,460.74312000000003,17.83736,False,False,False,False
2021-10-01 20:56:45.500,368.941,3.71,9161.438,374.941,4.437,465.212,20.432,464.393,22.137,-11242.956,460.74312000000003,17.83736,False,False,False,False
2021-10-01 20:56:46.000,370.059,3.637,9114.098,374.735,4.409,464.547,19.858,463.688,21.684,-25088.844,460.74312000000003,17.83736,False,False,False,False
2021-10-01 20:56:46.500,369.853,3.488,9090.221,374.265,4.784,464.659,19.222,463.896,20.208,-26526.103,460.74312000000003,17.83736,False,False,False,False
2021-10-01 20:56:47.000,369.706,2.25,9174.815,376.912,5.202,467.206,18.721,465.275,18.618,-23601.934,460.79016,17.83736,False,False,False,False
2021-10-01 20:56:47.500,376.059,1.502,9125.33,399.941,5.567,471.0,18.297,468.112,17.844,-24920.023,460.79016,17.83736,False,False,False,False
2021-10-01 20:56:48.000,407.529,2.347,8508.526,450.912,6.389,476.231,17.967,471.65,17.512,-28791.411,460.79016,17.83736,False,False,False,False
2021-10-01 20:56:48.500,485.676,4.459,7904.866,512.794,8.029,491.709,18.322,476.565,17.347,-32499.84,460.79016,17.83736,False,False,False,False
2021-10-01 20:56:49.000,559.765,7.718,7917.349,590.441,7.807,526.826,19.989,491.804,18.068,-32351.296,460.79016,17.83736,True,True,False,False
2021-10-01 20:56:49.500,567.294,7.776,8214.91,603.676,6.702,565.356,21.883,526.836,20.41,-24926.007,460.79016,17.83736,False,False,False,False
2021-10-01 20:56:50.000,526.353,5.759,8873.404,542.176,5.385,590.334,22.941,565.356,22.401,-17141.353,460.79016,17.83736,False,False,False,False
2021-10-01 20:56:50.500,487.059,3.986,9500.472,477.618,5.166,599.182,23.489,590.334,22.064,-15738.789,460.79016,17.83736,False,False,False,False
2021-10-01 20:56:51.000,443.5,2.816,9667.678,446.176,4.83,588.937,23.831,599.182,20.781,-16785.809,460.79016,17.83736,False,False,True,False
2021-10-01 20:56:51.500,414.588,2.041,9905.923,426.471,5.195,572.185,23.768,588.646,19.975,-15912.89,460.79016,17.83736,False,False,False,False
2021-10-01 20:56:52.000,406.765,4.387,10845.776,416.588,5.328,559.828,23.049,569.274,19.86,-11903.169,460.55272,17.83736,False,False,False,False
2021-10-01 20:56:52.500,404.882,4.358,11742.981,412.971,5.484,550.094,22.42,550.121,20.566,-4445.438,460.55272,17.83736,False,False,False,False
2021-10-01 20:56:53.000,401.676,4.004,11785.638,408.853,4.846,540.572,22.57,535.132,21.539,-1783.333,460.55272,17.83736,False,False,False,False
2021-10-01 20:56:53.500,398.882,2.982,11487.143,404.706,4.737,532.426,22.708,527.614,22.304,-11832.141,460.55272,17.83736,False,False,False,False
2021-10-01 20:56:54.000,396.235,2.11,10872.802,399.059,4.054,527.295,22.051,523.807,22.967,-22390.952,460.55272,17.83736,False,False,False,False
2021-10-01 20:56:54.500,394.265,2.093,10277.473,394.5,4.274,523.322,21.393,520.476,23.677,-21061.506,460.55272,17.83736,False,False,False,False
2021-10-01 20:56:55.000,392.0,2.467,10057.34,392.059,4.129,518.777,21.584,517.15,24.417,-13357.656,460.55272,17.83736,False,False,False,False
2021-10-01 20:56:55.500,389.559,3.498,9942.79,388.147,3.337,513.85,22.228,513.826,25.107,-5752.351,460.55272,17.83736,False,False,False,False
2021-10-01 20:56:56.000,386.088,3.663,9815.695,382.676,3.422,508.885,22.903,510.507,25.365,-5309.806,460.55272,17.83736,False,False,False,False
2021-10-01 20:56:56.500,380.118,3.448,9694.038,379.765,2.838,503.996,23.374,507.161,24.746,-18178.796,460.55272,17.83736,False,False,False,False
2021-10-01 20:56:57.000,375.971,4.304,9605.95,378.441,3.335,499.261,23.383,503.503,23.593,-30098.633,460.55272,17.83736,False,False,False,False
2021-10-01 20:56:57.500,373.765,2.969,9508.119,377.265,4.238,494.615,22.752,499.212,22.318,-27319.817,460.55272,17.83736,False,False,False,False
2021-10-01 20:56:58.000,371.324,3.758,9344.115,375.794,4.171,490.081,21.288,494.615,22.019,-21467.706,460.55272,17.83736,False,False,False,False
2021-10-01 20:56:58.500,370.206,3.515,9207.13,375.147,4.05,486.194,19.907,490.022,23.663,-24460.069,460.55272,17.83736,False,False,False,False
2021-10-01 20:56:59.000,370.529,3.604,9228.966,375.5,4.205,483.576,19.536,485.606,24.794,-30740.876,460.55272,17.83736,False,False,False,False
2021-10-01 20:56:59.500,371.382,2.576,9260.578,376.206,3.711,481.571,19.899,481.596,23.008,-33759.871,460.55272,17.83736,False,False,False,False
2021-10-01 20:57:00.000,371.353,1.961,9167.375,376.176,4.013,479.616,20.712,478.35,20.654,-31898.328,460.55272,17.83736,False,False,False,False
2021-10-01 20:57:00.500,371.647,3.087,9066.794,375.765,3.701,477.791,21.38,476.385,20.142,-23937.24,460.55272,17.83736,False,False,False,False
2021-10-01 20:57:01.000,374.147,4.327,9067.102,375.206,4.211,476.31,21.359,475.503,20.615,-15885.441,460.55272,17.83736,False,False,False,False
2021-10-01 20:57:01.500,375.0,3.423,9112.919,374.559,4.726,475.304,21.011,475.63,21.112,-13775.146,460.55272,17.83736,False,False,False,False
2021-10-01 20:57:02.000,373.735,2.955,9213.752,374.059,4.507,474.965,20.684,475.999,21.348,-16732.399,460.55272,17.83736,False,False,False,False
2021-10-01 20:57:02.500,372.5,2.883,9316.187,374.441,4.51,474.95,20.389,475.945,21.134,-24125.394,460.55272,17.83736,False,False,False,False
2021-10-01 20:57:03.000,371.0,3.113,9370.11,374.206,4.736,474.915,20.149,475.65,20.698,-33546.281,460.55272,17.83736,False,False,False,False
2021-10-01 20:57:03.500,369.559,3.452,9419.199,373.324,4.787,474.404,20.311,475.276,20.265,-42852.692,460.55272,17.83736,False,False,False,False
2021-10-01 20:57:04.000,368.853,3.53,9500.213,373.559,5.301,472.958,21.246,474.507,20.082,-49215.395,460.55272,17.83736,False,False,False,False
2021-10-01 20:57:04.500,368.794,3.859,9579.102,373.941,4.384,471.176,22.342,472.968,20.385,-49462.762,460.55272,17.83736,False,False,False,False
2021-10-01 20:57:05.000,369.382,3.964,9618.045,374.0,3.702,469.719,22.975,471.176,20.817,-44943.04,460.55272,17.83736,False,False,False,False
2021-10-01 20:57:05.500,368.882,3.564,9632.275,374.0,3.78,469.215,23.11,469.719,21.044,-36017.717,460.55272,17.83736,False,False,False,False
2021-10-01 20:57:06.000,367.324,2.437,9601.118,374.0,3.793,470.213,22.688,469.215,21.206,-22142.033,460.55272,17.83736,False,False,False,False
2021-10-01 20:57:06.500,368.353,2.29,9548.065,374.029,3.768,470.918,21.898,470.232,21.457,-2889.535,460.55272,17.83736,False,False,False,False
2021-10-01 20:57:07.000,371.294,3.215,9464.706,374.235,3.581,469.609,20.941,471.109,21.704,10649.384,461.26154,17.83736,False,False,False,False
2021-10-01 20:57:07.500,370.941,3.079,9381.603,374.471,4.396,467.971,20.552,470.279,21.859,7991.461,461.39164,17.83736,False,False,False,False
2021-10-01 20:57:08.000,369.294,2.684,9329.599,374.235,5.316,467.768,21.458,469.285,22.133,5240.178,461.39164,17.83736,False,False,False,False
2021-10-01 20:57:08.500,368.912,2.857,9296.214,374.029,5.203,468.506,22.646,469.706,22.695,16929.787,461.39164,17.83736,False,False,False,False
2021-10-01 20:57:09.000,371.088,2.087,9295.8,373.971,4.484,469.629,23.117,470.574,22.946,21779.091,461.39164,17.83736,False,False,False,False
2021-10-01 20:57:09.500,371.206,2.336,9304.414,373.765,4.166,470.588,23.149,470.849,22.276,-2092.995,461.39164,17.83736,False,False,False,False
2021-10-01 20:57:10.000,368.618,3.021,9311.699,373.529,4.642,470.909,23.048,470.719,21.418,-30670.842,461.39164,17.83736,False,False,False,False
2021-10-01 20:57:10.500,367.412,3.519,9328.245,373.706,5.948,470.9,22.904,470.417,21.103,-39433.641,461.39164,17.83736,False,False,False,False
2021-10-01 20:57:11.000,367.471,3.677,9377.846,373.441,5.139,470.771,22.81,470.05,21.091,-37314.697,461.39164,17.83736,False,False,False,False
2021-10-01 20:57:11.500,367.176,3.041,9417.316,372.529,4.662,470.006,23.158,469.627,21.112,-33385.526,461.39164,17.83736,False,False,False,False
2021-10-01 20:57:12.000,366.647,2.25,9389.031,372.118,4.784,468.034,24.231,468.822,21.105,-25856.282,461.39164,17.83736,False,False,False,False
2021-10-01 20:57:12.500,366.853,2.065,9353.028,372.529,4.892,465.932,24.492,467.293,21.036,-12186.182,461.39164,17.83736,False,False,False,False
2021-10-01 20:57:13.000,368.676,2.32,9358.51,373.5,4.827,464.782,22.421,465.712,20.88,-3390.325,461.39164,18.05688,False,False,False,False
2021-10-01 20:57:13.500,369.324,2.04,9381.968,374.118,4.974,464.291,20.042,464.76,20.629,-9879.164,461.39164,19.82416,False,False,False,False
2021-10-01 20:57:14.000,368.676,1.99,9425.183,373.941,4.801,464.187,19.437,464.291,20.521,-15130.906,461.39164,19.9727,False,False,False,False
2021-10-01 20:57:14.500,369.235,2.395,9460.021,372.824,3.763,464.376,20.089,464.129,20.835,-2127.879,461.39164,20.07986,False,False,False,False
2021-10-01 20:57:15.000,370.353,2.682,9446.734,372.618,3.437,464.791,21.429,463.803,21.577,19716.423,461.39164,20.07986,False,False,False,False
2021-10-01 20:57:15.500,369.235,2.667,9429.794,373.471,3.72,464.735,22.643,462.84,22.769,39768.617,461.39164,20.07986,False,False,False,False
2021-10-01 20:57:16.000,368.706,2.189,9447.894,373.853,4.682,463.472,22.995,461.394,23.942,48824.612,461.39164,20.07986,False,False,False,False
2021-10-01 20:57:16.500,369.735,2.54,9451.812,373.206,4.499,461.585,22.69,459.947,24.57,38562.231,461.39164,20.07986,False,False,False,False
2021-10-01 20:57:17.000,370.824,3.787,9370.607,372.0,3.256,459.812,21.971,461.276,24.303,26513.902,461.39164,20.1408,False,False,False,False
2021-10-01 20:57:17.500,372.294,2.969,9234.387,373.853,3.282,459.732,21.659,468.283,22.872,28923.533,461.39164,20.26254,False,False,False,False
2021-10-01 20:57:18.000,375.529,2.99,9004.133,384.353,4.676,463.063,22.577,476.754,22.107,32021.214,461.39164,20.26254,True,False,False,False
2021-10-01 20:57:18.500,385.265,3.883,9170.826,402.088,4.912,468.1,24.123,482.64,23.893,20857.281,461.39164,20.26254,False,False,False,False
2021-10-01 20:57:19.000,412.941,3.502,10796.926,423.176,4.81,474.084,25.969,487.05,26.994,2041.285,461.39164,20.26254,False,False,False,False
2021-10-01 20:57:19.500,448.441,4.198,12649.305,460.794,5.33,485.938,29.591,491.79,30.672,-17140.821,461.39164,20.1408,False,False,False,False
2021-10-01 20:57:20.000,469.912,3.797,13820.672,497.706,5.498,509.11,36.761,500.654,37.65,-31599.748,461.39164,20.1408,False,False,False,False
2021-10-01 20:57:20.500,481.765,3.675,14695.366,507.912,4.528,534.765,45.679,517.59,50.879,-35809.131,461.39164,20.1408,False,False,False,False
2021-10-01 20:57:21.000,479.324,3.573,15240.298,500.529,4.788,553.853,54.522,537.25,64.607,-28869.858,461.39164,20.07928,False,False,False,False
2021-10-01 20:57:21.500,469.412,2.938,15821.245,488.412,4.887,565.365,61.41,554.101,73.025,-10129.074,461.39164,19.941860000000002,False,False,False,False
2021-10-01 20:57:22.000,455.706,2.672,16838.485,469.559,4.666,568.021,64.36,565.365,77.664,1918.497,461.39164,19.73454,False,False,False,False
2021-10-01 20:57:22.500,445.676,2.192,17468.482,455.794,4.677,566.041,64.768,567.807,79.827,-10439.815,461.39164,19.73454,False,False,False,False
2021-10-01 20:57:23.000,436.647,2.63,16328.284,448.765,4.409,562.546,63.699,563.909,79.663,-27690.337,461.39164,19.73454,False,False,False,False
2021-10-01 20:57:23.500,430.382,2.718,14908.026,439.471,4.344,557.815,61.914,555.507,76.709,-30255.422,461.39164,19.73454,False,False,False,False
2021-10-01 20:57:24.000,425.5,2.154,14295.102,429.676,3.987,551.664,59.888,547.565,72.649,-25615.543,461.39164,19.73454,False,False,False,False
2021-10-01 20:57:24.500,417.588,1.99,13966.921,422.971,3.726,546.425,58.096,544.51,68.999,-21819.388,461.39164,19.73454,False,False,False,False
2021-10-01 20:57:25.000,411.088,2.649,13799.746,416.5,4.317,544.487,56.967,543.538,66.349,-17676.76,461.39164,19.73454,False,False,False,False
2021-10-01 20:57:25.500,407.882,2.266,13588.856,413.706,4.616,544.25,56.174,541.834,65.242,-10925.842,461.39164,19.73454,False,False,False,False
2021-10-01 20:57:26.000,405.176,2.474,13072.914,412.618,4.845,543.935,55.375,539.6,64.891,-2806.934,461.39164,19.73454,False,False,False,False
2021-10-01 20:57:26.500,402.441,2.758,12508.16,409.294,4.74,541.296,54.186,537.212,64.593,5193.074,461.39164,19.73454,False,False,False,False
2021-10-01 20:57:27.000,396.882,3.037,12080.365,403.353,3.908,534.049,52.215,534.118,63.963,10873.89,461.39164,19.73454,False,False,False,False
2021-10-01 20:57:27.500,389.235,2.771,11667.491,392.324,4.133,524.797,49.834,529.516,62.529,11690.378,461.39164,19.73454,False,False,False,False
2021-10-01 20:57:28.000,383.206,2.325,11168.209,382.618,4.625,516.046,47.341,523.444,59.633,8380.112,461.39164,19.50846,False,False,False,False
2021-10-01 20:57:28.500,377.176,1.794,10693.092,378.824,3.958,508.859,44.634,515.91,54.484,1536.992,461.39164,19.13572,False,False,False,False
2021-10-01 20:57:29.000,374.176,2.98,10388.597,377.471,3.482,504.224,41.587,508.859,48.591,-4136.363,461.39164,19.13572,False,False,False,False
2021-10-01 20:57:29.500,372.412,3.032,10123.901,376.559,4.434,500.976,38.748,504.088,43.453,-4070.256,461.39164,19.13572,False,False,False,False
2021-10-01 20:57:30.000,369.471,3.345,9826.988,375.794,4.647,498.11,36.665,499.624,39.663,-940.804,461.39164,19.13572,False,False,False,False
2021-10-01 20:57:30.500,367.353,3.38,9584.154,375.794,4.6,494.926,34.795,493.636,37.811,2524.958,461.39164,18.971200000000003,False,False,False,False
2021-10-01 20:57:31.000,367.176,2.873,9561.094,376.0,4.197,490.968,32.662,488.337,36.662,4413.614,461.39164,18.78,False,False,False,False
2021-10-01 20:57:31.500,369.882,2.293,9583.697,376.265,5.024,487.557,30.874,486.179,35.118,2986.776,461.39164,18.67416,False,False,False,False
2021-10-01 20:57:32.000,370.706,2.211,9544.592,376.765,5.935,486.101,30.133,485.65,33.317,-103.184,461.39164,18.67416,False,False,False,False
2021-10-01 20:57:32.500,369.0,2.52,9511.421,377.235,5.859,485.65,29.927,485.257,31.488,-3346.765,461.39164,18.67416,False,False,False,False
2021-10-01 20:57:33.000,367.735,2.583,9561.871,377.735,5.802,485.257,29.776,484.316,29.682,-6156.183,461.39164,18.67416,False,False,False,False
2021-10-01 20:57:33.500,367.853,2.246,9629.985,377.971,5.164,484.316,29.539,482.36,28.09,-8003.951,461.39164,18.67416,False,False,False,False
2021-10-01 20:57:34.000,369.735,2.767,9674.675,378.0,4.788,482.342,29.065,480.479,27.826,-8670.949,461.39164,18.67416,False,False,False,False
2021-10-01 20:57:34.500,370.882,4.624,9698.568,378.029,3.868,480.303,27.993,479.76,29.954,-8048.73,461.39164,18.67416,False,False,False,False
2021-10-01 20:57:35.000,371.265,4.693,9674.663,378.147,4.239,479.082,26.013,479.524,31.655,-8746.032,461.39164,18.67416,False,False,False,False
2021-10-01 20:57:35.500,371.735,2.826,9636.695,377.676,4.207,477.721,24.498,479.004,30.243,-13317.817,461.39164,18.53186,False,False,False,False
2021-10-01 20:57:36.000,371.971,2.389,9597.4,376.0,4.552,475.288,24.773,477.721,28.581,-18640.141,461.39164,18.53186,False,False,False,False
2021-10-01 20:57:36.500,371.882,2.706,9542.461,374.853,5.015,473.162,25.266,475.288,29.513,-21276.665,461.39164,18.53186,False,False,False,False
2021-10-01 20:57:37.000,370.971,3.282,9434.556,374.324,4.818,472.832,24.395,473.162,30.694,-20094.514,461.39164,18.53186,False,False,False,False
2021-10-01 20:57:37.500,369.324,3.453,9314.597,374.5,3.926,473.562,22.997,472.774,29.682,-13474.173,461.39164,18.53186,False,False,False,False
2021-10-01 20:57:38.000,368.941,2.876,9206.552,374.941,4.094,474.571,22.008,472.974,28.101,-2210.176,461.39164,18.53186,False,False,False,False
2021-10-01 20:57:38.500,369.765,2.617,9125.251,374.5,4.581,474.944,21.582,472.669,27.606,12562.901,461.39164,18.53186,False,False,False,False
2021-10-01 20:57:39.000,371.206,2.535,9123.66,374.324,5.087,473.883,21.868,472.518,27.08,20796.971,461.39164,18.53186,False,False,False,False
2021-10-01 20:57:39.500,371.853,3.098,9130.861,374.706,4.987,472.687,22.619,473.232,25.337,12475.715,461.39164,18.53186,False,False,False,False
2021-10-01 20:57:40.000,371.471,3.067,9089.081,374.647,4.391,472.654,23.676,473.799,23.591,-235.068,461.39164,18.53186,False,False,False,False
2021-10-01 20:57:40.500,370.588,2.253,9043.888,373.735,4.125,473.25,24.864,473.145,23.137,-5450.695,461.39164,18.53186,False,False,False,False
2021-10-01 20:57:41.000,370.5,2.815,9036.574,372.618,4.316,473.786,26.008,471.85,23.372,-6376.269,461.39164,18.53186,False,False,False,False
2021-10-01 20:57:41.500,370.676,3.675,9044.802,372.588,4.553,473.21,26.671,470.505,23.65,-6746.731,463.53195999999997,18.53186,False,False,False,False
2021-10-01 20:57:42.000,369.853,2.912,9068.239,373.471,4.361,470.552,26.36,469.401,23.579,-6966.345,463.57898,18.53186,False,False,False,False
2021-10-01 20:57:42.500,370.176,2.998,9086.832,373.912,4.199,467.912,25.491,468.78,22.809,-6884.261,464.18757999999997,18.53186,False,False,False,False
2021-10-01 20:57:43.000,372.206,2.47,9074.365,373.735,3.686,467.39,24.461,468.4,21.69,-6651.328,464.18757999999997,18.53186,False,False,False,False
2021-10-01 20:57:43.500,373.529,2.202,9076.916,373.206,3.805,467.985,23.774,468.065,20.585,-7411.418,464.18757999999997,18.53186,False,False,False,False
2021-10-01 20:57:44.000,373.176,2.57,9162.201,372.559,3.591,468.579,23.879,467.847,19.946,-16266.543,464.18757999999997,18.53186,False,False,False,False
2021-10-01 20:57:44.500,371.735,2.519,9259.583,372.059,3.515,468.209,24.096,467.881,20.175,-39131.219,464.18757999999997,18.53186,False,False,False,False
2021-10-01 20:57:45.000,370.559,2.024,9315.512,372.588,3.585,466.049,23.75,468.162,20.382,-52646.791,464.18757999999997,18.53186,False,False,False,False
2021-10-01 20:57:45.500,369.529,2.871,9348.374,373.441,3.821,463.876,23.097,468.597,19.739,-33751.501,464.18757999999997,18.53186,False,False,False,False
2021-10-01 20:57:46.000,369.176,3.209,9343.78,374.206,3.866,463.468,22.405,468.209,19.139,-9136.357,464.18757999999997,18.53186,False,False,False,False
2021-10-01 20:57:46.500,370.118,2.854,9334.745,374.176,4.364,464.0,21.711,466.107,19.516,-5376.099,464.18757999999997,18.53186,False,False,False,False
2021-10-01 20:57:47.000,372.471,2.786,9346.983,373.765,4.564,464.671,21.088,464.465,20.276,-10034.781,464.18757999999997,18.53186,False,False,False,False
2021-10-01 20:57:47.500,374.324,2.864,9343.977,373.235,4.44,465.506,21.024,465.448,20.793,-9541.048,464.18757999999997,18.53186,False,False,False,False
2021-10-01 20:57:48.000,374.676,2.807,9267.669,372.765,4.294,466.63,22.014,467.213,21.039,-5683.903,464.18757999999997,18.53186,False,False,False,False
2021-10-01 20:57:48.500,374.206,3.258,9205.782,372.265,3.836,467.596,23.041,467.896,21.015,-1297.456,464.18757999999997,18.53186,False,False,False,False
